ID,district,Feature3
1,1,1
2,5,2
3,2,3
4,2,4
5,3,5
6,4,6
7,5,7
8,3,8
9,2,9
10,1,10
11,6,11
12,6,12
13,4,13
14,3,14
15,6,15
16,6,16
17,6,17
18,3,18
19,6,19
20,4,20
21,5,21
22,2,22
23,4,23
24,2,24
25,5,25
26,6,26
27,5,27
28,4,28
29,5,29
30,2,30
31,4,31
32,2,32
33,3,33
34,6,34
35,4,35
36,1,36
37,1,37
38,3,38
39,3,39
40,1,40
41,1,41
42,1,42
43,3,43
44,3,44
45,6,45
46,2,46
47,6,47
48,3,48
49,4,49
50,6,50
51,4,51
52,4,52
53,5,53
54,4,54
55,3,55
56,1,56
57,6,57
58,5,58
59,3,59
60,3,60
61,3,61
62,3,62
63,6,63
64,1,64
65,1,65
66,3,66
67,5,67
68,5,68
69,5,69
70,2,70
71,5,71
72,2,72
73,1,73
74,3,74
75,6,75
76,2,76
77,3,77
78,1,78
79,2,79
80,5,80
81,1,81
82,5,82
83,6,83
84,3,84
85,2,85
86,1,86
87,1,87
88,5,88
89,6,89
90,4,90
91,3,91
92,5,92
93,6,93
94,5,94
95,3,95
96,5,96
97,4,97
98,3,98
99,2,99
100,3,100
101,2,101
102,1,102
103,6,103
104,2,104
105,2,105
106,4,106
107,2,107
108,2,108
109,1,109
110,2,110
111,5,111
112,6,112
113,2,113
114,1,114
115,2,115
116,3,116
117,4,117
118,4,118
119,2,119
120,1,120
121,1,121
122,4,122
123,2,123
124,1,124
125,1,125
126,2,126
127,4,127
128,1,128
129,3,129
130,1,130
131,3,131
132,1,132
133,6,133
134,4,134
135,2,135
136,5,136
137,3,137
138,5,138
139,3,139
140,6,140
141,6,141
142,4,142
143,2,143
144,3,144
145,5,145
146,3,146
147,5,147
148,3,148
149,2,149
150,2,150
151,5,151
152,3,152
153,2,153
154,2,154
155,2,155
156,5,156
157,2,157
158,2,158
159,2,159
160,4,160
161,2,161
162,2,162
163,3,163
164,5,164
165,1,165
166,3,166
167,5,167
168,1,168
169,6,169
170,4,170
171,3,171
172,4,172
173,4,173
174,2,174
175,1,175
176,2,176
177,1,177
178,5,178
179,3,179
180,3,180
181,2,181
182,3,182
183,1,183
184,5,184
185,3,185
186,5,186
187,6,187
188,2,188
189,1,189
190,3,190
191,3,191
192,6,192
193,6,193
194,2,194
195,2,195
196,6,196
197,4,197
198,2,198
199,6,199
200,1,200
201,5,201
202,3,202
203,2,203
204,2,204
205,5,205
206,2,206
207,4,207
208,3,208
209,6,209
210,3,210
211,2,211
212,1,212
213,2,213
214,3,214
215,6,215
216,1,216
217,2,217
218,1,218
219,1,219
220,2,220
221,3,221
222,1,222
223,6,223
224,5,224
225,2,225
226,1,226
227,2,227
228,6,228
229,6,229
230,3,230
231,1,231
232,6,232
233,2,233
234,6,234
235,6,235
236,5,236
237,2,237
238,3,238
239,3,239
240,1,240
241,2,241
242,3,242
243,2,243
244,1,244
245,2,245
246,5,246
247,5,247
248,6,248
249,3,249
250,3,250
251,6,251
252,5,252
253,1,253
254,4,254
255,3,255
256,6,256
257,3,257
258,1,258
259,6,259
260,6,260
261,2,261
262,5,262
263,5,263
264,2,264
265,4,265
266,1,266
267,5,267
268,5,268
269,1,269
270,5,270
271,4,271
272,4,272
273,6,273
274,3,274
275,2,275
276,3,276
277,4,277
278,6,278
279,2,279
280,3,280
281,4,281
282,2,282
283,2,283
284,6,284
285,3,285
286,6,286
287,2,287
288,2,288
289,1,289
290,1,290
291,2,291
292,2,292
293,6,293
294,2,294
295,5,295
296,2,296
297,3,297
298,3,298
299,2,299
300,3,300
301,6,301
302,4,302
303,3,303
304,2,304
305,3,305
306,1,306
307,2,307
308,1,308
309,3,309
310,5,310
311,5,311
312,6,312
313,2,313
314,6,314
315,6,315
316,2,316
317,2,317
318,3,318
319,3,319
320,2,320
321,5,321
322,2,322
323,2,323
324,6,324
325,5,325
326,5,326
327,3,327
328,3,328
329,5,329
330,3,330
331,4,331
332,4,332
333,2,333
334,3,334
335,3,335
336,1,336
337,2,337
338,3,338
339,2,339
340,3,340
341,3,341
342,4,342
343,6,343
344,4,344
345,3,345
346,1,346
347,4,347
348,2,348
349,6,349
350,3,350
351,5,351
352,1,352
353,2,353
354,2,354
355,2,355
356,2,356
357,3,357
358,1,358
359,6,359
360,1,360
361,3,361
362,4,362
363,2,363
364,3,364
365,2,365
366,1,366
367,6,367
368,4,368
369,5,369
370,1,370
371,5,371
372,6,372
373,2,373
374,2,374
375,4,375
376,5,376
377,3,377
378,1,378
379,4,379
380,3,380
381,2,381
382,3,382
383,3,383
384,5,384
385,1,385
386,1,386
387,1,387
388,1,388
389,3,389
390,2,390
391,2,391
392,3,392
393,1,393
394,5,394
395,2,395
396,2,396
397,1,397
398,6,398
399,6,399
400,2,400
401,3,401
402,3,402
403,3,403
404,4,404
405,1,405
406,2,406
407,5,407
408,2,408
409,5,409
410,4,410
411,2,411
412,3,412
413,6,413
414,6,414
415,3,415
416,4,416
417,1,417
418,3,418
419,3,419
420,3,420
421,3,421
422,2,422
423,4,423
424,5,424
425,3,425
426,4,426
427,2,427
428,1,428
429,2,429
430,4,430
431,4,431
432,4,432
433,2,433
434,3,434
435,2,435
436,1,436
437,6,437
438,4,438
439,6,439
440,6,440
441,6,441
442,6,442
443,4,443
444,1,444
445,3,445
446,2,446
447,4,447
448,1,448
449,2,449
450,3,450
451,3,451
452,5,452
453,4,453
454,1,454
455,5,455
456,3,456
457,6,457
458,1,458
459,1,459
460,4,460
461,2,461
462,3,462
463,4,463
464,2,464
465,6,465
466,6,466
467,2,467
468,2,468
469,6,469
470,6,470
471,1,471
472,1,472
473,4,473
474,5,474
475,3,475
476,5,476
477,3,477
478,3,478
479,2,479
480,3,480
481,3,481
482,4,482
483,3,483
484,5,484
485,2,485
486,2,486
487,6,487
488,3,488
489,3,489
490,2,490
491,2,491
492,3,492
493,3,493
494,3,494
495,4,495
496,5,496
497,2,497
498,5,498
499,2,499
500,1,500
501,2,501
502,1,502
503,3,503
504,5,504
505,5,505
506,4,506
507,3,507
508,2,508
509,3,509
510,3,510
511,1,511
512,3,512
513,2,513
514,5,514
515,2,515
516,3,516
517,6,517
518,5,518
519,3,519
520,6,520
521,6,521
522,4,522
523,3,523
524,3,524
525,5,525
526,2,526
527,3,527
528,2,528
529,1,529
530,5,530
531,2,531
532,3,532
533,4,533
534,5,534
535,4,535
536,2,536
537,1,537
538,4,538
539,4,539
540,4,540
541,1,541
542,5,542
543,1,543
544,1,544
545,1,545
546,3,546
547,4,547
548,3,548
549,6,549
550,3,550
551,6,551
552,1,552
553,4,553
554,2,554
555,3,555
556,2,556
557,5,557
558,3,558
559,3,559
560,5,560
561,3,561
562,3,562
563,1,563
564,2,564
565,3,565
566,5,566
567,2,567
568,4,568
569,2,569
570,5,570
571,5,571
572,2,572
573,4,573
574,6,574
575,5,575
576,5,576
577,5,577
578,3,578
579,2,579
580,2,580
581,5,581
582,6,582
583,2,583
584,1,584
585,3,585
586,5,586
587,3,587
588,3,588
589,5,589
590,4,590
591,3,591
592,2,592
593,6,593
594,3,594
595,5,595
596,1,596
597,3,597
598,2,598
599,6,599
600,6,600
601,5,601
602,2,602
603,2,603
604,3,604
605,5,605
606,3,606
607,6,607
608,3,608
609,2,609
610,5,610
611,5,611
612,6,612
613,2,613
614,2,614
615,3,615
616,1,616
617,2,617
618,1,618
619,2,619
620,6,620
621,5,621
622,1,622
623,3,623
624,5,624
625,3,625
626,3,626
627,4,627
628,4,628
629,3,629
630,5,630
631,2,631
632,2,632
633,1,633
634,5,634
635,4,635
636,2,636
637,4,637
638,2,638
639,6,639
640,5,640
641,6,641
642,2,642
643,3,643
644,6,644
645,4,645
646,6,646
647,4,647
648,6,648
649,2,649
650,5,650
651,3,651
652,5,652
653,1,653
654,5,654
655,2,655
656,4,656
657,1,657
658,4,658
659,1,659
660,1,660
661,6,661
662,3,662
663,3,663
664,2,664
665,6,665
666,6,666
667,2,667
668,4,668
669,2,669
670,3,670
671,3,671
672,6,672
673,1,673
674,2,674
675,4,675
676,3,676
677,6,677
678,4,678
679,3,679
680,3,680
681,3,681
682,5,682
683,2,683
684,3,684
685,3,685
686,5,686
687,5,687
688,3,688
689,2,689
690,5,690
691,6,691
692,3,692
693,5,693
694,2,694
695,4,695
696,4,696
697,6,697
698,4,698
699,2,699
700,1,700
701,4,701
702,1,702
703,1,703
704,4,704
705,4,705
706,4,706
707,4,707
708,2,708
709,4,709
710,2,710
711,1,711
712,2,712
713,6,713
714,1,714
715,1,715
716,6,716
717,5,717
718,4,718
719,4,719
720,6,720
721,5,721
722,3,722
723,6,723
724,4,724
725,4,725
726,4,726
727,1,727
728,2,728
729,1,729
730,5,730
731,4,731
732,5,732
733,5,733
734,3,734
735,4,735
736,5,736
737,2,737
738,4,738
739,2,739
740,4,740
741,1,741
742,6,742
743,3,743
744,2,744
745,5,745
746,3,746
747,5,747
748,5,748
749,5,749
750,3,750
751,2,751
752,6,752
753,2,753
754,2,754
755,4,755
756,4,756
757,2,757
758,1,758
759,4,759
760,6,760
761,3,761
762,4,762
763,3,763
764,2,764
765,4,765
766,4,766
767,3,767
768,5,768
769,5,769
770,3,770
771,4,771
772,2,772
773,2,773
774,4,774
775,1,775
776,4,776
777,6,777
778,2,778
779,4,779
780,5,780
781,4,781
782,3,782
783,6,783
784,2,784
785,3,785
786,5,786
787,4,787
788,2,788
789,6,789
790,1,790
791,5,791
792,6,792
793,2,793
794,5,794
795,1,795
796,4,796
797,6,797
798,6,798
799,6,799
800,2,800
801,6,801
802,3,802
803,5,803
804,4,804
805,5,805
806,4,806
807,2,807
808,3,808
809,5,809
810,2,810
811,4,811
812,3,812
813,3,813
814,6,814
815,6,815
816,5,816
817,4,817
818,4,818
819,1,819
820,3,820
821,3,821
822,3,822
823,4,823
824,3,824
825,2,825
826,3,826
827,2,827
828,2,828
829,3,829
830,1,830
831,3,831
832,1,832
833,6,833
834,3,834
835,4,835
836,6,836
837,4,837
838,5,838
839,4,839
840,6,840
841,6,841
842,4,842
843,1,843
844,6,844
845,1,845
846,4,846
847,5,847
848,2,848
849,2,849
850,3,850
851,1,851
852,3,852
853,1,853
854,4,854
855,5,855
856,3,856
857,3,857
858,2,858
859,6,859
860,4,860
861,2,861
862,6,862
863,6,863
864,3,864
865,1,865
866,4,866
867,5,867
868,5,868
869,6,869
870,3,870
871,6,871
872,5,872
873,4,873
874,5,874
875,6,875
876,4,876
877,2,877
878,5,878
879,5,879
880,2,880
881,5,881
882,1,882
883,3,883
884,6,884
885,5,885
886,3,886
887,5,887
888,6,888
889,4,889
890,1,890
891,3,891
892,5,892
893,6,893
894,2,894
895,2,895
896,5,896
897,6,897
898,4,898
899,1,899
900,5,900
901,3,901
902,5,902
903,3,903
904,5,904
905,5,905
906,5,906
907,6,907
908,2,908
909,4,909
910,4,910
911,6,911
912,2,912
913,3,913
914,2,914
915,1,915
916,3,916
917,6,917
918,3,918
919,6,919
920,6,920
921,3,921
922,4,922
923,1,923
924,1,924
925,2,925
926,3,926
927,5,927
928,3,928
929,5,929
930,2,930
931,6,931
932,6,932
933,2,933
934,5,934
935,2,935
936,2,936
937,2,937
938,3,938
939,3,939
940,6,940
941,2,941
942,3,942
943,1,943
944,3,944
945,6,945
946,1,946
947,6,947
948,2,948
949,1,949
950,6,950
951,6,951
952,6,952
953,3,953
954,2,954
955,4,955
956,6,956
957,4,957
958,6,958
959,6,959
960,5,960
961,3,961
962,5,962
963,6,963
964,3,964
965,3,965
966,2,966
967,5,967
968,6,968
969,4,969
970,4,970
971,4,971
972,3,972
973,5,973
974,2,974
975,1,975
976,2,976
977,5,977
978,5,978
979,6,979
980,6,980
981,3,981
982,6,982
983,6,983
984,6,984
985,5,985
986,6,986
987,2,987
988,5,988
989,2,989
990,3,990
991,2,991
992,6,992
993,2,993
994,6,994
995,6,995
996,6,996
997,1,997
998,3,998
999,3,999
1000,2,1000
1001,6,1001
1002,6,1002
1003,3,1003
1004,3,1004
1005,5,1005
1006,1,1006
1007,6,1007
1008,6,1008
1009,5,1009
1010,5,1010
1011,2,1011
1012,1,1012
1013,6,1013
1014,4,1014
1015,6,1015
1016,6,1016
1017,6,1017
1018,2,1018
1019,6,1019
1020,4,1020
1021,5,1021
1022,2,1022
1023,2,1023
1024,5,1024
1025,6,1025
1026,6,1026
1027,5,1027
1028,4,1028
1029,6,1029
1030,6,1030
1031,1,1031
1032,6,1032
1033,3,1033
1034,3,1034
1035,6,1035
1036,5,1036
1037,6,1037
1038,2,1038
1039,6,1039
1040,2,1040
1041,2,1041
1042,3,1042
1043,2,1043
1044,6,1044
1045,1,1045
1046,4,1046
1047,5,1047
1048,6,1048
1049,4,1049
1050,3,1050
1051,6,1051
1052,3,1052
1053,6,1053
1054,5,1054
1055,6,1055
1056,4,1056
1057,3,1057
1058,5,1058
1059,1,1059
1060,3,1060
1061,5,1061
1062,6,1062
1063,3,1063
1064,6,1064
1065,2,1065
1066,2,1066
1067,6,1067
1068,6,1068
1069,1,1069
1070,2,1070
1071,3,1071
1072,2,1072
1073,1,1073
1074,3,1074
1075,6,1075
1076,4,1076
1077,6,1077
1078,5,1078
1079,5,1079
1080,5,1080
1081,6,1081
1082,2,1082
1083,5,1083
1084,2,1084
1085,4,1085
1086,1,1086
1087,4,1087
1088,3,1088
1089,6,1089
1090,6,1090
1091,2,1091
1092,2,1092
1093,4,1093
1094,5,1094
1095,5,1095
1096,5,1096
1097,4,1097
1098,3,1098
1099,2,1099
1100,3,1100
1101,2,1101
1102,3,1102
1103,3,1103
1104,5,1104
1105,4,1105
1106,4,1106
1107,6,1107
1108,3,1108
1109,2,1109
1110,6,1110
1111,6,1111
1112,5,1112
1113,1,1113
1114,1,1114
1115,6,1115
1116,3,1116
1117,4,1117
1118,3,1118
1119,4,1119
1120,3,1120
1121,2,1121
1122,4,1122
1123,4,1123
1124,4,1124
1125,4,1125
1126,4,1126
1127,6,1127
1128,4,1128
1129,4,1129
1130,2,1130
1131,3,1131
1132,1,1132
1133,5,1133
1134,4,1134
1135,6,1135
1136,1,1136
1137,3,1137
1138,1,1138
1139,4,1139
1140,5,1140
1141,5,1141
1142,6,1142
1143,6,1143
1144,6,1144
1145,2,1145
1146,1,1146
1147,2,1147
1148,4,1148
1149,6,1149
1150,2,1150
1151,6,1151
1152,2,1152
1153,6,1153
1154,2,1154
1155,4,1155
1156,3,1156
1157,2,1157
1158,4,1158
1159,1,1159
1160,2,1160
1161,5,1161
1162,2,1162
1163,4,1163
1164,2,1164
1165,1,1165
1166,3,1166
1167,6,1167
1168,4,1168
1169,3,1169
1170,6,1170
1171,3,1171
1172,6,1172
1173,1,1173
1174,1,1174
1175,5,1175
1176,4,1176
1177,3,1177
1178,2,1178
1179,2,1179
1180,5,1180
1181,4,1181
1182,4,1182
1183,1,1183
1184,1,1184
1185,1,1185
1186,4,1186
1187,1,1187
1188,4,1188
1189,1,1189
1190,1,1190
1191,5,1191
1192,2,1192
1193,3,1193
1194,1,1194
1195,4,1195
1196,2,1196
1197,6,1197
1198,4,1198
1199,6,1199
1200,5,1200
1201,2,1201
1202,5,1202
1203,2,1203
1204,6,1204
1205,4,1205
1206,3,1206
1207,6,1207
1208,6,1208
1209,2,1209
1210,5,1210
1211,2,1211
1212,5,1212
1213,3,1213
1214,1,1214
1215,5,1215
1216,6,1216
1217,4,1217
1218,2,1218
1219,2,1219
1220,6,1220
1221,1,1221
1222,2,1222
1223,2,1223
1224,4,1224
1225,2,1225
1226,6,1226
1227,5,1227
1228,6,1228
1229,4,1229
1230,6,1230
1231,2,1231
1232,6,1232
1233,6,1233
1234,4,1234
1235,6,1235
1236,4,1236
1237,5,1237
1238,3,1238
1239,2,1239
1240,3,1240
1241,1,1241
1242,2,1242
1243,1,1243
1244,3,1244
1245,2,1245
1246,3,1246
1247,3,1247
1248,4,1248
1249,2,1249
1250,6,1250
1251,6,1251
1252,2,1252
1253,3,1253
1254,2,1254
1255,6,1255
1256,3,1256
1257,1,1257
1258,2,1258
1259,4,1259
1260,4,1260
1261,2,1261
1262,3,1262
1263,6,1263
1264,4,1264
1265,4,1265
1266,6,1266
1267,3,1267
1268,3,1268
1269,2,1269
1270,6,1270
1271,6,1271
1272,5,1272
1273,6,1273
1274,3,1274
1275,6,1275
1276,4,1276
1277,4,1277
1278,1,1278
1279,6,1279
1280,2,1280
1281,3,1281
1282,2,1282
1283,2,1283
1284,1,1284
1285,3,1285
1286,2,1286
1287,3,1287
1288,6,1288
1289,2,1289
1290,4,1290
1291,3,1291
1292,2,1292
1293,6,1293
1294,2,1294
1295,4,1295
1296,2,1296
1297,2,1297
1298,2,1298
1299,3,1299
1300,5,1300
1301,6,1301
1302,5,1302
1303,2,1303
1304,3,1304
1305,2,1305
1306,2,1306
1307,4,1307
1308,1,1308
1309,2,1309
1310,2,1310
1311,6,1311
1312,6,1312
1313,6,1313
1314,3,1314
1315,5,1315
1316,4,1316
1317,4,1317
1318,3,1318
1319,3,1319
1320,4,1320
1321,3,1321
1322,3,1322
1323,6,1323
1324,1,1324
1325,1,1325
1326,4,1326
1327,4,1327
1328,3,1328
1329,2,1329
1330,1,1330
1331,3,1331
1332,5,1332
1333,2,1333
1334,1,1334
1335,5,1335
1336,2,1336
1337,2,1337
1338,3,1338
1339,1,1339
1340,3,1340
1341,1,1341
1342,1,1342
1343,6,1343
1344,6,1344
1345,4,1345
1346,4,1346
1347,5,1347
1348,1,1348
1349,5,1349
1350,4,1350
1351,3,1351
1352,3,1352
1353,5,1353
1354,6,1354
1355,4,1355
1356,1,1356
1357,5,1357
1358,2,1358
1359,1,1359
1360,3,1360
1361,5,1361
1362,6,1362
1363,5,1363
1364,5,1364
1365,3,1365
1366,5,1366
1367,1,1367
1368,2,1368
1369,3,1369
1370,3,1370
1371,4,1371
1372,6,1372
1373,3,1373
1374,5,1374
1375,6,1375
1376,3,1376
1377,3,1377
1378,2,1378
1379,2,1379
1380,1,1380
1381,3,1381
1382,5,1382
1383,3,1383
1384,1,1384
1385,3,1385
1386,3,1386
1387,6,1387
1388,4,1388
1389,4,1389
1390,3,1390
1391,6,1391
1392,1,1392
1393,1,1393
1394,4,1394
1395,5,1395
1396,3,1396
1397,2,1397
1398,5,1398
1399,2,1399
1400,1,1400
1401,4,1401
1402,5,1402
1403,6,1403
1404,3,1404
1405,3,1405
1406,1,1406
1407,3,1407
1408,6,1408
1409,5,1409
1410,1,1410
1411,3,1411
1412,1,1412
1413,3,1413
1414,6,1414
1415,3,1415
1416,5,1416
1417,2,1417
1418,4,1418
1419,5,1419
1420,6,1420
1421,1,1421
1422,2,1422
1423,2,1423
1424,3,1424
1425,2,1425
1426,1,1426
1427,6,1427
1428,4,1428
1429,2,1429
1430,3,1430
1431,2,1431
1432,3,1432
1433,3,1433
1434,5,1434
1435,2,1435
1436,2,1436
1437,3,1437
1438,3,1438
1439,4,1439
1440,6,1440
1441,2,1441
1442,2,1442
1443,5,1443
1444,3,1444
1445,3,1445
1446,3,1446
1447,6,1447
1448,6,1448
1449,5,1449
1450,6,1450
1451,6,1451
1452,3,1452
1453,1,1453
1454,6,1454
1455,3,1455
1456,5,1456
1457,1,1457
1458,2,1458
1459,3,1459
1460,6,1460
1461,3,1461
1462,2,1462
1463,2,1463
1464,6,1464
1465,2,1465
1466,6,1466
1467,4,1467
1468,4,1468
1469,5,1469
1470,1,1470
1471,4,1471
1472,1,1472
1473,2,1473
1474,2,1474
1475,4,1475
1476,4,1476
1477,4,1477
1478,4,1478
1479,5,1479
1480,4,1480
1481,5,1481
1482,3,1482
1483,6,1483
1484,3,1484
1485,6,1485
1486,3,1486
1487,6,1487
1488,4,1488
1489,5,1489
1490,6,1490
1491,2,1491
1492,5,1492
1493,1,1493
1494,2,1494
1495,1,1495
1496,4,1496
1497,4,1497
1498,2,1498
1499,5,1499
1500,4,1500
1501,3,1501
1502,6,1502
1503,6,1503
1504,4,1504
1505,5,1505
1506,4,1506
1507,1,1507
1508,3,1508
1509,2,1509
1510,2,1510
1511,5,1511
1512,2,1512
1513,5,1513
1514,3,1514
1515,4,1515
1516,2,1516
1517,6,1517
1518,6,1518
1519,1,1519
1520,6,1520
1521,4,1521
1522,5,1522
1523,2,1523
1524,1,1524
1525,6,1525
1526,5,1526
1527,6,1527
1528,2,1528
1529,3,1529
1530,2,1530
1531,4,1531
1532,1,1532
1533,4,1533
1534,6,1534
1535,4,1535
1536,4,1536
1537,5,1537
1538,1,1538
1539,6,1539
1540,1,1540
1541,2,1541
1542,5,1542
1543,1,1543
1544,3,1544
1545,6,1545
1546,2,1546
1547,4,1547
1548,2,1548
1549,2,1549
1550,5,1550
1551,5,1551
1552,6,1552
1553,1,1553
1554,6,1554
1555,5,1555
1556,6,1556
1557,2,1557
1558,2,1558
1559,6,1559
1560,3,1560
1561,6,1561
1562,4,1562
1563,4,1563
1564,5,1564
1565,6,1565
1566,1,1566
1567,5,1567
1568,2,1568
1569,5,1569
1570,2,1570
1571,6,1571
1572,3,1572
1573,5,1573
1574,2,1574
1575,4,1575
1576,4,1576
1577,6,1577
1578,2,1578
1579,3,1579
1580,1,1580
1581,6,1581
1582,6,1582
1583,6,1583
1584,2,1584
1585,1,1585
1586,5,1586
1587,1,1587
1588,1,1588
1589,6,1589
1590,5,1590
1591,4,1591
1592,3,1592
1593,5,1593
1594,4,1594
1595,2,1595
1596,3,1596
1597,5,1597
1598,3,1598
1599,6,1599
1600,5,1600
1601,1,1601
1602,5,1602
1603,1,1603
1604,6,1604
1605,4,1605
1606,6,1606
1607,6,1607
1608,3,1608
1609,3,1609
1610,5,1610
1611,3,1611
1612,4,1612
1613,3,1613
1614,2,1614
1615,6,1615
1616,3,1616
1617,4,1617
1618,6,1618
1619,3,1619
1620,6,1620
1621,6,1621
1622,3,1622
1623,4,1623
1624,3,1624
1625,4,1625
1626,3,1626
1627,3,1627
1628,3,1628
1629,2,1629
1630,2,1630
1631,4,1631
1632,5,1632
1633,3,1633
1634,6,1634
1635,2,1635
1636,5,1636
1637,3,1637
1638,4,1638
1639,3,1639
1640,3,1640
1641,5,1641
1642,6,1642
1643,6,1643
1644,2,1644
1645,2,1645
1646,1,1646
1647,5,1647
1648,5,1648
1649,3,1649
1650,3,1650
1651,6,1651
1652,2,1652
1653,3,1653
1654,6,1654
1655,2,1655
1656,6,1656
1657,6,1657
1658,6,1658
1659,3,1659
1660,3,1660
1661,2,1661
1662,2,1662
1663,5,1663
1664,3,1664
1665,6,1665
1666,5,1666
1667,5,1667
1668,3,1668
1669,6,1669
1670,3,1670
1671,6,1671
1672,3,1672
1673,3,1673
1674,2,1674
1675,2,1675
1676,3,1676
1677,2,1677
1678,3,1678
1679,2,1679
1680,2,1680
1681,2,1681
1682,6,1682
1683,5,1683
1684,6,1684
1685,6,1685
1686,4,1686
1687,1,1687
1688,5,1688
1689,4,1689
1690,5,1690
1691,2,1691
1692,4,1692
1693,2,1693
1694,3,1694
1695,3,1695
1696,2,1696
1697,2,1697
1698,5,1698
1699,3,1699
1700,5,1700
1701,1,1701
1702,6,1702
1703,2,1703
1704,5,1704
1705,2,1705
1706,1,1706
1707,6,1707
1708,3,1708
1709,4,1709
1710,6,1710
1711,3,1711
1712,2,1712
1713,4,1713
1714,4,1714
1715,1,1715
1716,2,1716
1717,1,1717
1718,2,1718
1719,2,1719
1720,2,1720
1721,1,1721
1722,2,1722
1723,6,1723
1724,6,1724
1725,6,1725
1726,1,1726
1727,3,1727
1728,5,1728
1729,5,1729
1730,3,1730
1731,6,1731
1732,3,1732
1733,3,1733
1734,4,1734
1735,4,1735
1736,5,1736
1737,3,1737
1738,6,1738
1739,3,1739
1740,3,1740
1741,2,1741
1742,2,1742
1743,2,1743
1744,4,1744
1745,6,1745
1746,5,1746
1747,6,1747
1748,3,1748
1749,4,1749
1750,4,1750
1751,4,1751
1752,5,1752
1753,2,1753
1754,5,1754
1755,5,1755
1756,1,1756
1757,3,1757
1758,6,1758
1759,4,1759
1760,5,1760
1761,3,1761
1762,5,1762
1763,1,1763
1764,6,1764
1765,6,1765
1766,2,1766
1767,3,1767
1768,6,1768
1769,4,1769
1770,5,1770
1771,6,1771
1772,6,1772
1773,2,1773
1774,5,1774
1775,2,1775
1776,6,1776
1777,5,1777
1778,6,1778
1779,6,1779
1780,2,1780
1781,2,1781
1782,2,1782
1783,6,1783
1784,6,1784
1785,3,1785
1786,3,1786
1787,4,1787
1788,3,1788
1789,4,1789
1790,4,1790
1791,5,1791
1792,1,1792
1793,5,1793
1794,5,1794
1795,5,1795
1796,1,1796
1797,1,1797
1798,1,1798
1799,1,1799
1800,1,1800
1801,6,1801
1802,6,1802
1803,1,1803
1804,1,1804
1805,2,1805
1806,1,1806
1807,6,1807
1808,6,1808
1809,2,1809
1810,5,1810
1811,2,1811
1812,1,1812
1813,5,1813
1814,6,1814
1815,3,1815
1816,5,1816
1817,2,1817
1818,1,1818
1819,4,1819
1820,4,1820
1821,5,1821
1822,3,1822
1823,4,1823
1824,4,1824
1825,3,1825
1826,4,1826
1827,4,1827
1828,2,1828
1829,6,1829
1830,3,1830
1831,1,1831
1832,5,1832
1833,5,1833
1834,1,1834
1835,6,1835
1836,6,1836
1837,2,1837
1838,6,1838
1839,2,1839
1840,4,1840
1841,5,1841
1842,1,1842
1843,4,1843
1844,6,1844
1845,3,1845
1846,2,1846
1847,2,1847
1848,6,1848
1849,3,1849
1850,2,1850
1851,3,1851
1852,2,1852
1853,5,1853
1854,2,1854
1855,5,1855
1856,4,1856
1857,2,1857
1858,4,1858
1859,2,1859
1860,4,1860
1861,4,1861
1862,6,1862
1863,5,1863
1864,6,1864
1865,6,1865
1866,3,1866
1867,4,1867
1868,2,1868
1869,4,1869
1870,3,1870
1871,3,1871
1872,6,1872
1873,2,1873
1874,6,1874
1875,1,1875
1876,5,1876
1877,2,1877
1878,6,1878
1879,6,1879
1880,3,1880
1881,6,1881
1882,3,1882
1883,6,1883
1884,5,1884
1885,6,1885
1886,3,1886
1887,3,1887
1888,5,1888
1889,4,1889
1890,3,1890
1891,5,1891
1892,2,1892
1893,2,1893
1894,4,1894
1895,6,1895
1896,6,1896
1897,1,1897
1898,6,1898
1899,3,1899
1900,3,1900
1901,6,1901
1902,5,1902
1903,2,1903
1904,5,1904
1905,5,1905
1906,1,1906
1907,3,1907
1908,6,1908
1909,5,1909
1910,6,1910
1911,5,1911
1912,5,1912
1913,5,1913
1914,6,1914
1915,6,1915
1916,3,1916
1917,2,1917
1918,6,1918
1919,3,1919
1920,3,1920
1921,6,1921
1922,5,1922
1923,6,1923
1924,1,1924
1925,2,1925
1926,4,1926
1927,5,1927
1928,4,1928
1929,3,1929
1930,5,1930
1931,3,1931
1932,3,1932
1933,6,1933
1934,3,1934
1935,4,1935
1936,1,1936
1937,2,1937
1938,1,1938
1939,6,1939
1940,5,1940
1941,3,1941
1942,3,1942
1943,3,1943
1944,4,1944
1945,1,1945
1946,2,1946
1947,3,1947
1948,5,1948
1949,6,1949
1950,2,1950
1951,5,1951
1952,3,1952
1953,6,1953
1954,1,1954
1955,3,1955
1956,4,1956
1957,2,1957
1958,5,1958
1959,5,1959
1960,3,1960
1961,5,1961
1962,4,1962
1963,4,1963
1964,4,1964
1965,4,1965
1966,6,1966
1967,6,1967
1968,3,1968
1969,4,1969
1970,4,1970
1971,3,1971
1972,3,1972
1973,5,1973
1974,2,1974
1975,3,1975
1976,2,1976
1977,5,1977
1978,5,1978
1979,6,1979
1980,6,1980
1981,1,1981
1982,3,1982
1983,1,1983
1984,4,1984
1985,4,1985
1986,2,1986
1987,6,1987
1988,5,1988
1989,2,1989
1990,5,1990
1991,4,1991
1992,1,1992
1993,1,1993
1994,4,1994
1995,2,1995
1996,3,1996
1997,5,1997
1998,2,1998
1999,6,1999
2000,2,2000
2001,3,2001
2002,2,2002
2003,3,2003
2004,4,2004
2005,4,2005
2006,3,2006
2007,3,2007
2008,2,2008
2009,5,2009
2010,2,2010
2011,1,2011
2012,2,2012
2013,5,2013
2014,4,2014
2015,4,2015
2016,6,2016
2017,3,2017
2018,2,2018
2019,4,2019
2020,4,2020
2021,1,2021
2022,4,2022
2023,5,2023
2024,3,2024
2025,4,2025
2026,3,2026
2027,1,2027
2028,3,2028
2029,6,2029
2030,4,2030
2031,6,2031
2032,1,2032
2033,4,2033
2034,2,2034
2035,6,2035
2036,4,2036
2037,2,2037
2038,2,2038
2039,6,2039
2040,6,2040
2041,3,2041
2042,3,2042
2043,1,2043
2044,6,2044
2045,6,2045
2046,2,2046
2047,3,2047
2048,1,2048
2049,1,2049
2050,3,2050
2051,5,2051
2052,1,2052
2053,2,2053
2054,2,2054
2055,1,2055
2056,4,2056
2057,1,2057
2058,1,2058
2059,6,2059
2060,2,2060
2061,4,2061
2062,6,2062
2063,2,2063
2064,6,2064
2065,5,2065
2066,3,2066
2067,2,2067
2068,1,2068
2069,1,2069
2070,4,2070
2071,1,2071
2072,2,2072
2073,2,2073
2074,3,2074
2075,4,2075
2076,6,2076
2077,2,2077
2078,6,2078
2079,1,2079
2080,2,2080
2081,5,2081
2082,5,2082
2083,6,2083
2084,2,2084
2085,5,2085
2086,2,2086
2087,3,2087
2088,1,2088
2089,5,2089
2090,2,2090
2091,6,2091
2092,2,2092
2093,3,2093
2094,6,2094
2095,3,2095
2096,3,2096
2097,6,2097
2098,3,2098
2099,4,2099
2100,1,2100
2101,2,2101
2102,5,2102
2103,3,2103
2104,1,2104
2105,6,2105
2106,5,2106
2107,3,2107
2108,5,2108
2109,6,2109
2110,1,2110
2111,3,2111
2112,3,2112
2113,2,2113
2114,2,2114
2115,3,2115
2116,1,2116
2117,6,2117
2118,3,2118
2119,6,2119
2120,1,2120
2121,4,2121
2122,1,2122
2123,6,2123
2124,6,2124
2125,4,2125
2126,5,2126
2127,2,2127
2128,2,2128
2129,3,2129
2130,3,2130
2131,2,2131
2132,3,2132
2133,4,2133
2134,4,2134
2135,2,2135
2136,2,2136
2137,3,2137
2138,2,2138
2139,5,2139
2140,1,2140
2141,4,2141
2142,1,2142
2143,2,2143
2144,2,2144
2145,1,2145
2146,3,2146
2147,2,2147
2148,3,2148
2149,1,2149
2150,4,2150
2151,2,2151
2152,6,2152
2153,1,2153
2154,4,2154
2155,5,2155
2156,2,2156
2157,3,2157
2158,1,2158
2159,1,2159
2160,6,2160
2161,2,2161
2162,6,2162
2163,3,2163
2164,6,2164
2165,5,2165
2166,6,2166
2167,2,2167
2168,1,2168
2169,6,2169
2170,6,2170
2171,6,2171
2172,1,2172
2173,3,2173
2174,2,2174
2175,2,2175
2176,3,2176
2177,4,2177
2178,6,2178
2179,2,2179
2180,3,2180
2181,2,2181
2182,2,2182
2183,5,2183
2184,4,2184
2185,5,2185
2186,5,2186
2187,6,2187
2188,2,2188
2189,2,2189
2190,3,2190
2191,1,2191
2192,2,2192
2193,2,2193
2194,1,2194
2195,3,2195
2196,3,2196
2197,6,2197
2198,3,2198
2199,5,2199
2200,2,2200
2201,2,2201
2202,3,2202
2203,4,2203
2204,2,2204
2205,5,2205
2206,3,2206
2207,4,2207
2208,3,2208
2209,4,2209
2210,3,2210
2211,5,2211
2212,4,2212
2213,2,2213
2214,3,2214
2215,5,2215
2216,3,2216
2217,5,2217
2218,6,2218
2219,4,2219
2220,2,2220
2221,3,2221
2222,2,2222
2223,3,2223
2224,2,2224
2225,6,2225
2226,6,2226
2227,4,2227
2228,2,2228
2229,3,2229
2230,2,2230
2231,2,2231
2232,5,2232
2233,4,2233
2234,5,2234
2235,2,2235
2236,5,2236
2237,2,2237
2238,5,2238
2239,5,2239
2240,2,2240
2241,2,2241
2242,2,2242
2243,2,2243
2244,2,2244
2245,6,2245
2246,2,2246
2247,1,2247
2248,3,2248
2249,4,2249
2250,5,2250
2251,1,2251
2252,3,2252
2253,6,2253
2254,2,2254
2255,6,2255
2256,1,2256
2257,3,2257
2258,2,2258
2259,6,2259
2260,2,2260
2261,2,2261
2262,5,2262
2263,1,2263
2264,5,2264
2265,2,2265
2266,3,2266
2267,5,2267
2268,4,2268
2269,1,2269
2270,6,2270
2271,6,2271
2272,2,2272
2273,4,2273
2274,1,2274
2275,6,2275
2276,6,2276
2277,1,2277
2278,6,2278
2279,3,2279
2280,3,2280
2281,4,2281
2282,5,2282
2283,6,2283
2284,4,2284
2285,6,2285
2286,2,2286
2287,2,2287
2288,6,2288
2289,1,2289
2290,2,2290
2291,4,2291
2292,6,2292
2293,3,2293
2294,3,2294
2295,1,2295
2296,4,2296
2297,3,2297
2298,1,2298
2299,2,2299
2300,2,2300
2301,6,2301
2302,5,2302
2303,6,2303
2304,5,2304
2305,4,2305
2306,5,2306
2307,1,2307
2308,4,2308
2309,6,2309
2310,3,2310
2311,5,2311
2312,6,2312
2313,6,2313
2314,6,2314
2315,2,2315
2316,2,2316
2317,6,2317
2318,1,2318
2319,6,2319
2320,1,2320
2321,6,2321
2322,3,2322
2323,3,2323
2324,1,2324
2325,6,2325
2326,5,2326
2327,6,2327
2328,5,2328
2329,4,2329
2330,2,2330
2331,5,2331
2332,6,2332
2333,5,2333
2334,5,2334
2335,2,2335
2336,2,2336
2337,4,2337
2338,4,2338
2339,4,2339
2340,3,2340
2341,4,2341
2342,4,2342
2343,2,2343
2344,1,2344
2345,1,2345
2346,3,2346
2347,2,2347
2348,5,2348
2349,5,2349
2350,2,2350
2351,3,2351
2352,4,2352
2353,3,2353
2354,2,2354
2355,4,2355
2356,2,2356
2357,1,2357
2358,2,2358
2359,3,2359
2360,2,2360
2361,4,2361
2362,6,2362
2363,5,2363
2364,6,2364
2365,2,2365
2366,3,2366
2367,1,2367
2368,3,2368
2369,3,2369
2370,4,2370
2371,4,2371
2372,3,2372
2373,2,2373
2374,2,2374
2375,1,2375
2376,2,2376
2377,3,2377
2378,6,2378
2379,2,2379
2380,3,2380
2381,1,2381
2382,2,2382
2383,4,2383
2384,2,2384
2385,1,2385
2386,1,2386
2387,1,2387
2388,2,2388
2389,3,2389
2390,2,2390
2391,5,2391
2392,2,2392
2393,5,2393
2394,2,2394
2395,3,2395
2396,6,2396
2397,3,2397
2398,3,2398
2399,5,2399
2400,5,2400
2401,6,2401
2402,5,2402
2403,3,2403
2404,2,2404
2405,3,2405
2406,2,2406
2407,3,2407
2408,3,2408
2409,3,2409
2410,2,2410
2411,4,2411
2412,3,2412
2413,3,2413
2414,1,2414
2415,6,2415
2416,4,2416
2417,5,2417
2418,4,2418
2419,1,2419
2420,3,2420
2421,4,2421
2422,3,2422
2423,2,2423
2424,5,2424
2425,3,2425
2426,6,2426
2427,6,2427
2428,3,2428
2429,4,2429
2430,3,2430
2431,3,2431
2432,6,2432
2433,3,2433
2434,2,2434
2435,3,2435
2436,6,2436
2437,5,2437
2438,3,2438
2439,1,2439
2440,4,2440
2441,4,2441
2442,4,2442
2443,6,2443
2444,6,2444
2445,4,2445
2446,3,2446
2447,2,2447
2448,4,2448
2449,3,2449
2450,3,2450
2451,6,2451
2452,2,2452
2453,2,2453
2454,6,2454
2455,5,2455
2456,4,2456
2457,5,2457
2458,3,2458
2459,3,2459
2460,3,2460
2461,5,2461
2462,6,2462
2463,3,2463
2464,6,2464
2465,4,2465
2466,3,2466
2467,6,2467
2468,6,2468
2469,3,2469
2470,6,2470
2471,6,2471
2472,4,2472
2473,2,2473
2474,6,2474
2475,6,2475
2476,6,2476
2477,2,2477
2478,4,2478
2479,6,2479
2480,6,2480
2481,6,2481
2482,5,2482
2483,6,2483
2484,4,2484
2485,2,2485
2486,2,2486
2487,5,2487
2488,5,2488
2489,3,2489
2490,6,2490
2491,6,2491
2492,6,2492
2493,6,2493
2494,6,2494
2495,6,2495
2496,4,2496
2497,4,2497
2498,6,2498
2499,6,2499
2500,6,2500
2501,2,2501
2502,1,2502
2503,4,2503
2504,4,2504
2505,6,2505
2506,5,2506
2507,6,2507
2508,4,2508
2509,5,2509
2510,6,2510
2511,4,2511
2512,6,2512
2513,4,2513
2514,6,2514
2515,6,2515
2516,6,2516
2517,4,2517
2518,4,2518
2519,6,2519
2520,4,2520
2521,2,2521
2522,3,2522
2523,6,2523
2524,2,2524
2525,6,2525
2526,6,2526
2527,6,2527
2528,2,2528
2529,6,2529
2530,4,2530
2531,6,2531
2532,6,2532
2533,6,2533
2534,3,2534
2535,3,2535
2536,4,2536
2537,4,2537
2538,2,2538
2539,6,2539
2540,6,2540
2541,1,2541
2542,4,2542
2543,4,2543
2544,4,2544
2545,6,2545
2546,4,2546
2547,6,2547
2548,2,2548
2549,2,2549
2550,4,2550
2551,2,2551
2552,6,2552
2553,2,2553
2554,2,2554
2555,5,2555
2556,4,2556
2557,4,2557
2558,4,2558
2559,6,2559
2560,5,2560
2561,4,2561
2562,6,2562
2563,5,2563
2564,1,2564
2565,3,2565
2566,1,2566
2567,5,2567
2568,2,2568
2569,3,2569
2570,2,2570
2571,5,2571
2572,2,2572
2573,5,2573
2574,4,2574
2575,5,2575
2576,3,2576
2577,2,2577
2578,2,2578
2579,3,2579
2580,1,2580
2581,4,2581
2582,3,2582
2583,4,2583
2584,3,2584
2585,1,2585
2586,6,2586
2587,5,2587
2588,1,2588
2589,5,2589
2590,2,2590
2591,6,2591
2592,6,2592
2593,2,2593
2594,2,2594
2595,1,2595
2596,2,2596
2597,2,2597
2598,4,2598
2599,5,2599
2600,4,2600
2601,6,2601
2602,2,2602
2603,1,2603
2604,6,2604
2605,6,2605
2606,6,2606
2607,2,2607
2608,2,2608
2609,4,2609
2610,6,2610
2611,2,2611
2612,2,2612
2613,5,2613
2614,2,2614
2615,6,2615
2616,6,2616
2617,6,2617
2618,3,2618
2619,2,2619
2620,5,2620
2621,1,2621
2622,5,2622
2623,1,2623
2624,3,2624
2625,2,2625
2626,6,2626
2627,5,2627
2628,6,2628
2629,2,2629
2630,2,2630
2631,2,2631
2632,3,2632
2633,5,2633
2634,4,2634
2635,1,2635
2636,6,2636
2637,5,2637
2638,4,2638
2639,2,2639
2640,2,2640
2641,5,2641
2642,1,2642
2643,3,2643
2644,2,2644
2645,4,2645
2646,5,2646
2647,4,2647
2648,3,2648
2649,5,2649
2650,4,2650
2651,4,2651
2652,1,2652
2653,1,2653
2654,6,2654
2655,3,2655
2656,6,2656
2657,2,2657
2658,6,2658
2659,6,2659
2660,6,2660
2661,1,2661
2662,5,2662
2663,3,2663
2664,1,2664
2665,2,2665
2666,1,2666
2667,1,2667
2668,3,2668
2669,5,2669
2670,6,2670
2671,6,2671
2672,1,2672
2673,6,2673
2674,3,2674
2675,4,2675
2676,3,2676
2677,3,2677
2678,3,2678
2679,3,2679
2680,2,2680
2681,1,2681
2682,1,2682
2683,3,2683
2684,3,2684
2685,5,2685
2686,2,2686
2687,6,2687
2688,4,2688
2689,5,2689
2690,3,2690
2691,2,2691
2692,2,2692
2693,4,2693
2694,5,2694
2695,2,2695
2696,4,2696
2697,4,2697
2698,3,2698
2699,4,2699
2700,4,2700
2701,4,2701
2702,6,2702
2703,2,2703
2704,3,2704
2705,2,2705
2706,2,2706
2707,3,2707
2708,6,2708
2709,4,2709
2710,1,2710
2711,5,2711
2712,3,2712
2713,4,2713
2714,3,2714
2715,3,2715
2716,3,2716
2717,2,2717
2718,6,2718
2719,1,2719
2720,6,2720
2721,4,2721
2722,1,2722
2723,3,2723
2724,4,2724
2725,4,2725
2726,6,2726
2727,2,2727
2728,3,2728
2729,4,2729
2730,1,2730
2731,3,2731
2732,4,2732
2733,6,2733
2734,4,2734
2735,6,2735
2736,5,2736
2737,5,2737
2738,2,2738
2739,1,2739
2740,2,2740
2741,4,2741
2742,4,2742
2743,4,2743
2744,5,2744
2745,2,2745
2746,4,2746
2747,5,2747
2748,2,2748
2749,3,2749
2750,3,2750
2751,4,2751
2752,4,2752
2753,5,2753
2754,4,2754
2755,4,2755
2756,6,2756
2757,5,2757
2758,3,2758
2759,4,2759
2760,1,2760
2761,3,2761
2762,3,2762
2763,4,2763
2764,1,2764
2765,4,2765
2766,6,2766
2767,4,2767
2768,3,2768
2769,6,2769
2770,4,2770
2771,4,2771
2772,2,2772
2773,6,2773
2774,3,2774
2775,6,2775
2776,4,2776
2777,4,2777
2778,4,2778
2779,1,2779
2780,6,2780
2781,4,2781
2782,1,2782
2783,4,2783
2784,6,2784
2785,6,2785
2786,6,2786
2787,3,2787
2788,6,2788
2789,5,2789
2790,4,2790
2791,2,2791
2792,2,2792
2793,6,2793
2794,4,2794
2795,6,2795
2796,3,2796
2797,3,2797
2798,4,2798
2799,4,2799
2800,1,2800
2801,6,2801
2802,3,2802
2803,4,2803
2804,4,2804
2805,3,2805
2806,2,2806
2807,4,2807
2808,4,2808
2809,3,2809
2810,6,2810
2811,4,2811
2812,2,2812
2813,4,2813
2814,3,2814
2815,1,2815
2816,1,2816
2817,5,2817
2818,4,2818
2819,5,2819
2820,5,2820
2821,4,2821
2822,5,2822
2823,1,2823
2824,6,2824
2825,4,2825
2826,5,2826
2827,5,2827
2828,4,2828
2829,4,2829
2830,4,2830
2831,5,2831
2832,4,2832
2833,1,2833
2834,2,2834
2835,1,2835
2836,2,2836
2837,1,2837
2838,3,2838
2839,5,2839
2840,3,2840
2841,3,2841
2842,4,2842
2843,3,2843
2844,2,2844
2845,6,2845
2846,4,2846
2847,3,2847
2848,1,2848
2849,2,2849
2850,3,2850
2851,6,2851
2852,5,2852
2853,4,2853
2854,5,2854
2855,6,2855
2856,3,2856
2857,3,2857
2858,5,2858
2859,5,2859
2860,2,2860
2861,4,2861
2862,3,2862
2863,1,2863
2864,3,2864
2865,3,2865
2866,5,2866
2867,3,2867
2868,4,2868
2869,4,2869
2870,3,2870
2871,3,2871
2872,3,2872
2873,6,2873
2874,3,2874
2875,3,2875
2876,4,2876
2877,6,2877
2878,2,2878
2879,6,2879
2880,3,2880
2881,5,2881
2882,3,2882
2883,3,2883
2884,6,2884
2885,3,2885
2886,6,2886
2887,4,2887
2888,1,2888
2889,4,2889
2890,1,2890
2891,5,2891
2892,1,2892
2893,4,2893
2894,2,2894
2895,2,2895
2896,1,2896
2897,5,2897
2898,2,2898
2899,4,2899
2900,3,2900
2901,5,2901
2902,2,2902
2903,1,2903
2904,3,2904
2905,4,2905
2906,1,2906
2907,5,2907
2908,4,2908
2909,6,2909
2910,1,2910
2911,5,2911
2912,2,2912
2913,1,2913
2914,6,2914
2915,4,2915
2916,2,2916
2917,5,2917
2918,3,2918
2919,3,2919
2920,1,2920
2921,5,2921
2922,3,2922
2923,3,2923
2924,1,2924
2925,3,2925
2926,2,2926
2927,5,2927
2928,4,2928
2929,2,2929
2930,6,2930
2931,5,2931
2932,3,2932
2933,5,2933
2934,4,2934
2935,6,2935
2936,3,2936
2937,6,2937
2938,2,2938
2939,3,2939
2940,3,2940
2941,5,2941
2942,2,2942
2943,2,2943
2944,3,2944
2945,5,2945
2946,4,2946
2947,4,2947
2948,3,2948
2949,6,2949
2950,3,2950
2951,2,2951
2952,4,2952
2953,4,2953
2954,6,2954
2955,3,2955
2956,4,2956
2957,5,2957
2958,2,2958
2959,3,2959
2960,4,2960
2961,6,2961
2962,5,2962
2963,1,2963
2964,1,2964
2965,5,2965
2966,2,2966
2967,1,2967
2968,1,2968
2969,2,2969
2970,6,2970
2971,4,2971
2972,2,2972
2973,1,2973
2974,3,2974
2975,5,2975
2976,4,2976
2977,5,2977
2978,1,2978
2979,2,2979
2980,6,2980
2981,2,2981
2982,3,2982
2983,6,2983
2984,2,2984
2985,2,2985
2986,4,2986
2987,6,2987
2988,4,2988
2989,2,2989
2990,6,2990
2991,5,2991
2992,6,2992
2993,5,2993
2994,3,2994
2995,3,2995
2996,3,2996
2997,2,2997
2998,2,2998
2999,5,2999
3000,4,3000
3001,3,3001
3002,1,3002
3003,1,3003
3004,4,3004
3005,6,3005
3006,1,3006
3007,5,3007
3008,4,3008
3009,2,3009
3010,4,3010
3011,6,3011
3012,6,3012
3013,2,3013
3014,5,3014
3015,1,3015
3016,3,3016
3017,3,3017
3018,1,3018
3019,3,3019
3020,4,3020
3021,5,3021
3022,4,3022
3023,4,3023
3024,3,3024
3025,1,3025
3026,5,3026
3027,2,3027
3028,3,3028
3029,5,3029
3030,3,3030
3031,3,3031
3032,1,3032
3033,4,3033
3034,1,3034
3035,1,3035
3036,2,3036
3037,1,3037
3038,4,3038
3039,4,3039
3040,4,3040
3041,5,3041
3042,3,3042
3043,6,3043
3044,3,3044
3045,5,3045
3046,5,3046
3047,6,3047
3048,6,3048
3049,3,3049
3050,1,3050
3051,4,3051
3052,6,3052
3053,5,3053
3054,1,3054
3055,3,3055
3056,6,3056
3057,6,3057
3058,6,3058
3059,3,3059
3060,4,3060
3061,4,3061
3062,3,3062
3063,6,3063
3064,3,3064
3065,2,3065
3066,5,3066
3067,4,3067
3068,3,3068
3069,5,3069
3070,1,3070
3071,6,3071
3072,6,3072
3073,1,3073
3074,6,3074
3075,2,3075
3076,6,3076
3077,5,3077
3078,6,3078
3079,6,3079
3080,4,3080
3081,4,3081
3082,6,3082
3083,1,3083
3084,6,3084
3085,1,3085
3086,2,3086
3087,2,3087
3088,6,3088
3089,1,3089
3090,1,3090
3091,6,3091
3092,5,3092
3093,3,3093
3094,6,3094
3095,6,3095
3096,1,3096
3097,5,3097
3098,2,3098
3099,2,3099
3100,5,3100
3101,3,3101
3102,6,3102
3103,3,3103
3104,6,3104
3105,6,3105
3106,6,3106
3107,3,3107
3108,1,3108
3109,6,3109
3110,3,3110
3111,3,3111
3112,3,3112
3113,3,3113
3114,4,3114
3115,3,3115
3116,3,3116
3117,2,3117
3118,3,3118
3119,3,3119
3120,4,3120
3121,3,3121
3122,5,3122
3123,2,3123
3124,5,3124
3125,6,3125
3126,6,3126
3127,2,3127
3128,5,3128
3129,6,3129
3130,5,3130
3131,6,3131
3132,2,3132
3133,2,3133
3134,6,3134
3135,5,3135
3136,6,3136
3137,6,3137
3138,2,3138
3139,3,3139
3140,2,3140
3141,3,3141
3142,2,3142
3143,6,3143
3144,3,3144
3145,3,3145
3146,5,3146
3147,5,3147
3148,5,3148
3149,6,3149
3150,3,3150
3151,6,3151
3152,1,3152
3153,4,3153
3154,2,3154
3155,3,3155
3156,3,3156
3157,1,3157
3158,3,3158
3159,4,3159
3160,1,3160
3161,3,3161
3162,3,3162
3163,1,3163
3164,4,3164
3165,5,3165
3166,1,3166
3167,2,3167
3168,6,3168
3169,6,3169
3170,4,3170
3171,5,3171
3172,4,3172
3173,1,3173
3174,3,3174
3175,6,3175
3176,5,3176
3177,2,3177
3178,2,3178
3179,2,3179
3180,3,3180
3181,3,3181
3182,3,3182
3183,2,3183
3184,4,3184
3185,5,3185
3186,2,3186
3187,5,3187
3188,5,3188
3189,5,3189
3190,4,3190
3191,1,3191
3192,6,3192
3193,2,3193
3194,4,3194
3195,3,3195
3196,5,3196
3197,1,3197
3198,2,3198
3199,3,3199
3200,4,3200
3201,3,3201
3202,5,3202
3203,3,3203
3204,3,3204
3205,2,3205
3206,1,3206
3207,3,3207
3208,3,3208
3209,2,3209
3210,3,3210
3211,3,3211
3212,4,3212
3213,2,3213
3214,2,3214
3215,1,3215
3216,3,3216
3217,4,3217
3218,4,3218
3219,4,3219
3220,3,3220
3221,6,3221
3222,5,3222
3223,6,3223
3224,3,3224
3225,2,3225
3226,6,3226
3227,1,3227
3228,6,3228
3229,4,3229
3230,3,3230
3231,5,3231
3232,6,3232
3233,4,3233
3234,5,3234
3235,6,3235
3236,6,3236
3237,3,3237
3238,6,3238
3239,6,3239
3240,1,3240
3241,2,3241
3242,3,3242
3243,1,3243
3244,3,3244
3245,6,3245
3246,1,3246
3247,3,3247
3248,1,3248
3249,5,3249
3250,3,3250
3251,2,3251
3252,2,3252
3253,5,3253
3254,1,3254
3255,2,3255
3256,2,3256
3257,4,3257
3258,1,3258
3259,2,3259
3260,2,3260
3261,3,3261
3262,3,3262
3263,3,3263
3264,6,3264
3265,2,3265
3266,1,3266
3267,2,3267
3268,2,3268
3269,1,3269
3270,6,3270
3271,2,3271
3272,1,3272
3273,2,3273
3274,6,3274
3275,2,3275
3276,2,3276
3277,6,3277
3278,4,3278
3279,4,3279
3280,1,3280
3281,4,3281
3282,3,3282
3283,2,3283
3284,3,3284
3285,4,3285
3286,3,3286
3287,2,3287
3288,3,3288
3289,3,3289
3290,5,3290
3291,5,3291
3292,2,3292
3293,1,3293
3294,1,3294
3295,3,3295
3296,1,3296
3297,3,3297
3298,3,3298
3299,2,3299
3300,1,3300
3301,4,3301
3302,2,3302
3303,6,3303
3304,5,3304
3305,5,3305
3306,5,3306
3307,2,3307
3308,3,3308
3309,6,3309
3310,6,3310
3311,2,3311
3312,3,3312
3313,5,3313
3314,5,3314
3315,3,3315
3316,3,3316
3317,6,3317
3318,3,3318
3319,5,3319
3320,3,3320
3321,2,3321
3322,5,3322
3323,2,3323
3324,4,3324
3325,4,3325
3326,6,3326
3327,3,3327
3328,1,3328
3329,3,3329
3330,5,3330
3331,3,3331
3332,4,3332
3333,2,3333
3334,1,3334
3335,5,3335
3336,6,3336
3337,1,3337
3338,2,3338
3339,3,3339
3340,5,3340
3341,2,3341
3342,3,3342
3343,2,3343
3344,5,3344
3345,1,3345
3346,4,3346
3347,6,3347
3348,5,3348
3349,5,3349
3350,5,3350
3351,2,3351
3352,5,3352
3353,2,3353
3354,3,3354
3355,4,3355
3356,3,3356
3357,3,3357
3358,4,3358
3359,2,3359
3360,3,3360
3361,6,3361
3362,3,3362
3363,3,3363
3364,2,3364
3365,5,3365
3366,2,3366
3367,2,3367
3368,6,3368
3369,2,3369
3370,6,3370
3371,3,3371
3372,6,3372
3373,3,3373
3374,1,3374
3375,6,3375
3376,1,3376
3377,4,3377
3378,5,3378
3379,3,3379
3380,6,3380
3381,3,3381
3382,6,3382
3383,3,3383
3384,6,3384
3385,2,3385
3386,3,3386
3387,1,3387
3388,5,3388
3389,6,3389
3390,1,3390
3391,6,3391
3392,3,3392
3393,3,3393
3394,3,3394
3395,6,3395
3396,4,3396
3397,4,3397
3398,4,3398
3399,2,3399
3400,5,3400
3401,1,3401
3402,4,3402
3403,5,3403
3404,5,3404
3405,4,3405
3406,5,3406
3407,4,3407
3408,3,3408
3409,6,3409
3410,3,3410
3411,4,3411
3412,3,3412
3413,3,3413
3414,2,3414
3415,5,3415
3416,6,3416
3417,3,3417
3418,3,3418
3419,3,3419
3420,1,3420
3421,1,3421
3422,3,3422
3423,3,3423
3424,6,3424
3425,5,3425
3426,3,3426
3427,6,3427
3428,1,3428
3429,3,3429
3430,4,3430
3431,4,3431
3432,6,3432
3433,1,3433
3434,3,3434
3435,5,3435
3436,3,3436
3437,4,3437
3438,2,3438
3439,5,3439
3440,2,3440
3441,2,3441
3442,3,3442
3443,6,3443
3444,6,3444
3445,3,3445
3446,6,3446
3447,1,3447
3448,6,3448
3449,4,3449
3450,5,3450
3451,4,3451
3452,3,3452
3453,2,3453
3454,1,3454
3455,2,3455
3456,2,3456
3457,1,3457
3458,2,3458
3459,3,3459
3460,6,3460
3461,4,3461
3462,2,3462
3463,6,3463
3464,2,3464
3465,2,3465
3466,6,3466
3467,3,3467
3468,1,3468
3469,2,3469
3470,6,3470
3471,3,3471
3472,4,3472
3473,5,3473
3474,6,3474
3475,1,3475
3476,1,3476
3477,5,3477
3478,5,3478
3479,3,3479
3480,4,3480
3481,6,3481
3482,4,3482
3483,2,3483
3484,2,3484
3485,5,3485
3486,6,3486
3487,4,3487
3488,6,3488
3489,6,3489
3490,4,3490
3491,1,3491
3492,6,3492
3493,1,3493
3494,3,3494
3495,1,3495
3496,2,3496
3497,6,3497
3498,2,3498
3499,3,3499
3500,2,3500
3501,3,3501
3502,5,3502
3503,1,3503
3504,3,3504
3505,3,3505
3506,3,3506
3507,5,3507
3508,6,3508
3509,3,3509
3510,6,3510
3511,3,3511
3512,3,3512
3513,1,3513
3514,3,3514
3515,1,3515
3516,3,3516
3517,2,3517
3518,6,3518
3519,6,3519
3520,4,3520
3521,2,3521
3522,5,3522
3523,4,3523
3524,4,3524
3525,4,3525
3526,3,3526
3527,1,3527
3528,2,3528
3529,6,3529
3530,6,3530
3531,4,3531
3532,6,3532
3533,1,3533
3534,6,3534
3535,2,3535
3536,3,3536
3537,3,3537
3538,2,3538
3539,6,3539
3540,4,3540
3541,2,3541
3542,2,3542
3543,2,3543
3544,3,3544
3545,5,3545
3546,4,3546
3547,3,3547
3548,4,3548
3549,2,3549
3550,2,3550
3551,5,3551
3552,5,3552
3553,6,3553
3554,5,3554
3555,3,3555
3556,5,3556
3557,2,3557
3558,3,3558
3559,6,3559
3560,3,3560
3561,5,3561
3562,4,3562
3563,6,3563
3564,2,3564
3565,3,3565
3566,5,3566
3567,4,3567
3568,2,3568
3569,6,3569
3570,1,3570
3571,4,3571
3572,4,3572
3573,4,3573
3574,6,3574
3575,6,3575
3576,6,3576
3577,2,3577
3578,6,3578
3579,3,3579
3580,5,3580
3581,2,3581
3582,1,3582
3583,4,3583
3584,2,3584
3585,2,3585
3586,2,3586
3587,2,3587
3588,5,3588
3589,3,3589
3590,3,3590
3591,1,3591
3592,4,3592
3593,1,3593
3594,5,3594
3595,6,3595
3596,6,3596
3597,5,3597
3598,3,3598
3599,5,3599
3600,3,3600
3601,3,3601
3602,3,3602
3603,1,3603
3604,3,3604
3605,6,3605
3606,6,3606
3607,2,3607
3608,4,3608
3609,4,3609
3610,3,3610
3611,4,3611
3612,4,3612
3613,4,3613
3614,1,3614
3615,1,3615
3616,6,3616
3617,4,3617
3618,2,3618
3619,2,3619
3620,5,3620
3621,1,3621
3622,6,3622
3623,4,3623
3624,2,3624
3625,3,3625
3626,2,3626
3627,3,3627
3628,2,3628
3629,6,3629
3630,2,3630
3631,6,3631
3632,6,3632
3633,2,3633
3634,3,3634
3635,3,3635
3636,5,3636
3637,5,3637
3638,3,3638
3639,3,3639
3640,3,3640
3641,2,3641
3642,1,3642
3643,4,3643
3644,4,3644
3645,3,3645
3646,3,3646
3647,6,3647
3648,4,3648
3649,4,3649
3650,3,3650
3651,6,3651
3652,6,3652
3653,3,3653
3654,6,3654
3655,5,3655
3656,4,3656
3657,2,3657
3658,2,3658
3659,3,3659
3660,3,3660
3661,3,3661
3662,4,3662
3663,2,3663
3664,6,3664
3665,3,3665
3666,3,3666
3667,4,3667
3668,6,3668
3669,3,3669
3670,3,3670
3671,5,3671
3672,2,3672
3673,3,3673
3674,5,3674
3675,2,3675
3676,2,3676
3677,2,3677
3678,5,3678
3679,2,3679
3680,3,3680
3681,4,3681
3682,4,3682
3683,5,3683
3684,4,3684
3685,2,3685
3686,3,3686
3687,4,3687
3688,5,3688
3689,3,3689
3690,4,3690
3691,4,3691
3692,3,3692
3693,4,3693
3694,6,3694
3695,3,3695
3696,6,3696
3697,5,3697
3698,3,3698
3699,5,3699
3700,3,3700
3701,2,3701
3702,1,3702
3703,2,3703
3704,3,3704
3705,5,3705
3706,2,3706
3707,2,3707
3708,4,3708
3709,5,3709
3710,5,3710
3711,1,3711
3712,2,3712
3713,5,3713
3714,3,3714
3715,2,3715
3716,6,3716
3717,4,3717
3718,3,3718
3719,6,3719
3720,4,3720
3721,1,3721
3722,6,3722
3723,5,3723
3724,4,3724
3725,2,3725
3726,4,3726
3727,5,3727
3728,2,3728
3729,5,3729
3730,6,3730
3731,6,3731
3732,5,3732
3733,6,3733
3734,5,3734
3735,3,3735
3736,5,3736
3737,3,3737
3738,6,3738
3739,1,3739
3740,4,3740
3741,4,3741
3742,3,3742
3743,4,3743
3744,5,3744
3745,6,3745
3746,5,3746
3747,4,3747
3748,4,3748
3749,3,3749
3750,3,3750
3751,5,3751
3752,2,3752
3753,3,3753
3754,5,3754
3755,5,3755
3756,3,3756
3757,3,3757
3758,3,3758
3759,2,3759
3760,2,3760
3761,5,3761
3762,6,3762
3763,1,3763
3764,4,3764
3765,5,3765
3766,4,3766
3767,4,3767
3768,1,3768
3769,4,3769
3770,3,3770
3771,3,3771
3772,2,3772
3773,3,3773
3774,2,3774
3775,6,3775
3776,5,3776
3777,2,3777
3778,3,3778
3779,6,3779
3780,4,3780
3781,3,3781
3782,4,3782
3783,6,3783
3784,3,3784
3785,2,3785
3786,3,3786
3787,5,3787
3788,6,3788
3789,3,3789
3790,5,3790
3791,5,3791
3792,6,3792
3793,5,3793
3794,1,3794
3795,6,3795
3796,4,3796
3797,6,3797
3798,3,3798
3799,2,3799
3800,3,3800
3801,5,3801
3802,3,3802
3803,3,3803
3804,6,3804
3805,2,3805
3806,1,3806
3807,3,3807
3808,1,3808
3809,4,3809
3810,4,3810
3811,3,3811
3812,4,3812
3813,1,3813
3814,2,3814
3815,3,3815
3816,6,3816
3817,1,3817
3818,1,3818
3819,4,3819
3820,2,3820
3821,3,3821
3822,1,3822
3823,5,3823
3824,2,3824
3825,4,3825
3826,2,3826
3827,2,3827
3828,4,3828
3829,6,3829
3830,6,3830
3831,1,3831
3832,1,3832
3833,4,3833
3834,3,3834
3835,4,3835
3836,2,3836
3837,3,3837
3838,5,3838
3839,5,3839
3840,5,3840
3841,2,3841
3842,3,3842
3843,5,3843
3844,1,3844
3845,6,3845
3846,2,3846
3847,2,3847
3848,3,3848
3849,4,3849
3850,1,3850
3851,4,3851
3852,1,3852
3853,5,3853
3854,3,3854
3855,5,3855
3856,2,3856
3857,1,3857
3858,4,3858
3859,1,3859
3860,2,3860
3861,5,3861
3862,3,3862
3863,5,3863
3864,4,3864
3865,2,3865
3866,2,3866
3867,4,3867
3868,5,3868
3869,1,3869
3870,3,3870
3871,2,3871
3872,3,3872
3873,2,3873
3874,5,3874
3875,6,3875
3876,4,3876
3877,3,3877
3878,6,3878
3879,4,3879
3880,4,3880
3881,1,3881
3882,3,3882
3883,6,3883
3884,5,3884
3885,1,3885
3886,6,3886
3887,2,3887
3888,5,3888
3889,6,3889
3890,3,3890
3891,2,3891
3892,4,3892
3893,1,3893
3894,6,3894
3895,3,3895
3896,4,3896
3897,5,3897
3898,2,3898
3899,5,3899
3900,4,3900
3901,4,3901
3902,1,3902
3903,3,3903
3904,6,3904
3905,3,3905
3906,5,3906
3907,3,3907
3908,3,3908
3909,3,3909
3910,6,3910
3911,1,3911
3912,6,3912
3913,6,3913
3914,4,3914
3915,5,3915
3916,4,3916
3917,3,3917
3918,5,3918
3919,1,3919
3920,4,3920
3921,1,3921
3922,5,3922
3923,4,3923
3924,5,3924
3925,2,3925
3926,6,3926
3927,2,3927
3928,5,3928
3929,3,3929
3930,2,3930
3931,4,3931
3932,3,3932
3933,3,3933
3934,1,3934
3935,4,3935
3936,3,3936
3937,6,3937
3938,1,3938
3939,1,3939
3940,3,3940
3941,2,3941
3942,5,3942
3943,6,3943
3944,3,3944
3945,5,3945
3946,1,3946
3947,1,3947
3948,2,3948
3949,6,3949
3950,2,3950
3951,3,3951
3952,5,3952
3953,4,3953
3954,3,3954
3955,6,3955
3956,5,3956
3957,1,3957
3958,3,3958
3959,4,3959
3960,3,3960
3961,2,3961
3962,3,3962
3963,5,3963
3964,4,3964
3965,2,3965
3966,4,3966
3967,3,3967
3968,5,3968
3969,3,3969
3970,3,3970
3971,4,3971
3972,3,3972
3973,2,3973
3974,4,3974
3975,4,3975
3976,2,3976
3977,3,3977
3978,4,3978
3979,6,3979
3980,4,3980
3981,1,3981
3982,4,3982
3983,2,3983
3984,4,3984
3985,4,3985
3986,2,3986
3987,3,3987
3988,5,3988
3989,1,3989
3990,6,3990
3991,2,3991
3992,5,3992
3993,2,3993
3994,6,3994
3995,5,3995
3996,2,3996
3997,4,3997
3998,2,3998
3999,4,3999
4000,4,4000
4001,1,4001
4002,1,4002
4003,4,4003
4004,6,4004
4005,3,4005
4006,3,4006
4007,3,4007
4008,4,4008
4009,1,4009
4010,3,4010
4011,4,4011
4012,2,4012
4013,2,4013
4014,3,4014
4015,4,4015
4016,4,4016
4017,3,4017
4018,6,4018
4019,4,4019
4020,5,4020
4021,4,4021
4022,3,4022
4023,4,4023
4024,4,4024
4025,6,4025
4026,6,4026
4027,4,4027
4028,5,4028
4029,4,4029
4030,2,4030
4031,4,4031
4032,6,4032
4033,5,4033
4034,2,4034
4035,6,4035
4036,6,4036
4037,1,4037
4038,2,4038
4039,1,4039
4040,3,4040
4041,1,4041
4042,4,4042
4043,2,4043
4044,3,4044
4045,5,4045
4046,4,4046
4047,3,4047
4048,3,4048
4049,2,4049
4050,3,4050
4051,1,4051
4052,3,4052
4053,1,4053
4054,5,4054
4055,6,4055
4056,6,4056
4057,6,4057
4058,3,4058
4059,2,4059
4060,1,4060
4061,6,4061
4062,1,4062
4063,1,4063
4064,6,4064
4065,3,4065
4066,2,4066
4067,3,4067
4068,2,4068
4069,6,4069
4070,6,4070
4071,1,4071
4072,1,4072
4073,5,4073
4074,4,4074
4075,6,4075
4076,2,4076
4077,2,4077
4078,6,4078
4079,2,4079
4080,6,4080
4081,2,4081
4082,3,4082
4083,3,4083
4084,6,4084
4085,3,4085
4086,1,4086
4087,2,4087
4088,1,4088
4089,3,4089
4090,5,4090
4091,4,4091
4092,4,4092
4093,5,4093
4094,4,4094
4095,4,4095
4096,6,4096
4097,6,4097
4098,5,4098
4099,2,4099
4100,5,4100
4101,3,4101
4102,3,4102
4103,1,4103
4104,1,4104
4105,5,4105
4106,6,4106
4107,6,4107
4108,6,4108
4109,4,4109
4110,1,4110
4111,5,4111
4112,6,4112
4113,4,4113
4114,2,4114
4115,6,4115
4116,2,4116
4117,2,4117
4118,5,4118
4119,2,4119
4120,1,4120
4121,1,4121
4122,1,4122
4123,6,4123
4124,3,4124
4125,6,4125
4126,4,4126
4127,2,4127
4128,2,4128
4129,3,4129
4130,2,4130
4131,3,4131
4132,4,4132
4133,1,4133
4134,4,4134
4135,2,4135
4136,3,4136
4137,5,4137
4138,4,4138
4139,4,4139
4140,4,4140
4141,1,4141
4142,2,4142
4143,3,4143
4144,3,4144
4145,5,4145
4146,2,4146
4147,4,4147
4148,6,4148
4149,2,4149
4150,4,4150
4151,2,4151
4152,3,4152
4153,4,4153
4154,3,4154
4155,6,4155
4156,4,4156
4157,3,4157
4158,5,4158
4159,2,4159
4160,4,4160
4161,4,4161
4162,5,4162
4163,2,4163
4164,6,4164
4165,2,4165
4166,2,4166
4167,6,4167
4168,2,4168
4169,2,4169
4170,2,4170
4171,3,4171
4172,2,4172
4173,4,4173
4174,2,4174
4175,6,4175
4176,5,4176
4177,6,4177
4178,1,4178
4179,6,4179
4180,2,4180
4181,4,4181
4182,2,4182
4183,6,4183
4184,3,4184
4185,5,4185
4186,1,4186
4187,2,4187
4188,3,4188
4189,6,4189
4190,1,4190
4191,2,4191
4192,6,4192
4193,6,4193
4194,1,4194
4195,4,4195
4196,4,4196
4197,6,4197
4198,2,4198
4199,3,4199
4200,2,4200
4201,2,4201
4202,4,4202
4203,2,4203
4204,3,4204
4205,6,4205
4206,2,4206
4207,2,4207
4208,6,4208
4209,1,4209
4210,3,4210
4211,5,4211
4212,1,4212
4213,4,4213
4214,3,4214
4215,6,4215
4216,1,4216
4217,2,4217
4218,4,4218
4219,2,4219
4220,2,4220
4221,6,4221
4222,2,4222
4223,1,4223
4224,2,4224
4225,4,4225
4226,4,4226
4227,6,4227
4228,1,4228
4229,3,4229
4230,4,4230
4231,4,4231
4232,5,4232
4233,2,4233
4234,3,4234
4235,3,4235
4236,3,4236
4237,2,4237
4238,5,4238
4239,2,4239
4240,5,4240
4241,1,4241
4242,3,4242
4243,5,4243
4244,2,4244
4245,2,4245
4246,3,4246
4247,4,4247
4248,1,4248
4249,3,4249
4250,5,4250
4251,4,4251
4252,3,4252
4253,5,4253
4254,3,4254
4255,4,4255
4256,2,4256
4257,1,4257
4258,2,4258
4259,3,4259
4260,4,4260
4261,4,4261
4262,2,4262
4263,5,4263
4264,5,4264
4265,3,4265
4266,3,4266
4267,2,4267
4268,3,4268
4269,2,4269
4270,4,4270
4271,6,4271
4272,4,4272
4273,5,4273
4274,4,4274
4275,6,4275
4276,3,4276
4277,5,4277
4278,4,4278
4279,5,4279
4280,5,4280
4281,6,4281
4282,2,4282
4283,4,4283
4284,2,4284
4285,6,4285
4286,5,4286
4287,2,4287
4288,2,4288
4289,3,4289
4290,2,4290
4291,3,4291
4292,5,4292
4293,3,4293
4294,3,4294
4295,6,4295
4296,5,4296
4297,4,4297
4298,1,4298
4299,4,4299
4300,2,4300
4301,2,4301
4302,6,4302
4303,5,4303
4304,5,4304
4305,2,4305
4306,4,4306
4307,3,4307
4308,4,4308
4309,1,4309
4310,4,4310
4311,6,4311
4312,3,4312
4313,3,4313
4314,3,4314
4315,2,4315
4316,5,4316
4317,6,4317
4318,5,4318
4319,2,4319
4320,6,4320
4321,2,4321
4322,1,4322
4323,3,4323
4324,3,4324
4325,4,4325
4326,4,4326
4327,4,4327
4328,3,4328
4329,6,4329
4330,3,4330
4331,6,4331
4332,3,4332
4333,2,4333
4334,4,4334
4335,1,4335
4336,4,4336
4337,3,4337
4338,2,4338
4339,4,4339
4340,2,4340
4341,6,4341
4342,5,4342
4343,2,4343
4344,5,4344
4345,3,4345
4346,1,4346
4347,5,4347
4348,2,4348
4349,4,4349
4350,2,4350
4351,6,4351
4352,1,4352
4353,2,4353
4354,6,4354
4355,6,4355
4356,5,4356
4357,5,4357
4358,6,4358
4359,2,4359
4360,6,4360
4361,3,4361
4362,5,4362
4363,5,4363
4364,3,4364
4365,3,4365
4366,1,4366
4367,4,4367
4368,1,4368
4369,5,4369
4370,1,4370
4371,2,4371
4372,1,4372
4373,5,4373
4374,3,4374
4375,3,4375
4376,3,4376
4377,6,4377
4378,6,4378
4379,5,4379
4380,2,4380
4381,2,4381
4382,6,4382
4383,6,4383
4384,3,4384
4385,1,4385
4386,2,4386
4387,4,4387
4388,3,4388
4389,2,4389
4390,3,4390
4391,4,4391
4392,5,4392
4393,3,4393
4394,6,4394
4395,6,4395
4396,6,4396
4397,5,4397
4398,5,4398
4399,5,4399
4400,3,4400
4401,4,4401
4402,1,4402
4403,2,4403
4404,3,4404
4405,3,4405
4406,1,4406
4407,2,4407
4408,3,4408
4409,3,4409
4410,5,4410
4411,2,4411
4412,6,4412
4413,3,4413
4414,6,4414
4415,4,4415
4416,2,4416
4417,2,4417
4418,4,4418
4419,6,4419
4420,4,4420
4421,1,4421
4422,1,4422
4423,4,4423
4424,6,4424
4425,6,4425
4426,3,4426
4427,3,4427
4428,3,4428
4429,1,4429
4430,2,4430
4431,1,4431
4432,2,4432
4433,2,4433
4434,4,4434
4435,3,4435
4436,3,4436
4437,3,4437
4438,3,4438
4439,4,4439
4440,5,4440
4441,3,4441
4442,6,4442
4443,1,4443
4444,3,4444
4445,2,4445
4446,5,4446
4447,3,4447
4448,1,4448
4449,6,4449
4450,1,4450
4451,5,4451
4452,3,4452
4453,2,4453
4454,1,4454
4455,6,4455
4456,4,4456
4457,2,4457
4458,3,4458
4459,4,4459
4460,6,4460
4461,2,4461
4462,3,4462
4463,6,4463
4464,6,4464
4465,4,4465
4466,5,4466
4467,4,4467
4468,5,4468
4469,6,4469
4470,2,4470
4471,3,4471
4472,4,4472
4473,6,4473
4474,5,4474
4475,1,4475
4476,4,4476
4477,3,4477
4478,3,4478
4479,4,4479
4480,2,4480
4481,5,4481
4482,2,4482
4483,3,4483
4484,3,4484
4485,3,4485
4486,3,4486
4487,3,4487
4488,6,4488
4489,3,4489
4490,2,4490
4491,6,4491
4492,2,4492
4493,1,4493
4494,5,4494
4495,5,4495
4496,6,4496
4497,6,4497
4498,3,4498
4499,4,4499
4500,4,4500
4501,2,4501
4502,6,4502
4503,5,4503
4504,4,4504
4505,5,4505
4506,6,4506
4507,5,4507
4508,2,4508
4509,5,4509
4510,5,4510
4511,3,4511
4512,3,4512
4513,3,4513
4514,2,4514
4515,6,4515
4516,4,4516
4517,2,4517
4518,3,4518
4519,2,4519
4520,4,4520
4521,2,4521
4522,3,4522
4523,5,4523
4524,3,4524
4525,6,4525
4526,3,4526
4527,4,4527
4528,3,4528
4529,5,4529
4530,3,4530
4531,6,4531
4532,4,4532
4533,5,4533
4534,5,4534
4535,4,4535
4536,6,4536
4537,2,4537
4538,3,4538
4539,3,4539
4540,5,4540
4541,2,4541
4542,3,4542
4543,3,4543
4544,2,4544
4545,3,4545
4546,3,4546
4547,5,4547
4548,4,4548
4549,5,4549
4550,1,4550
4551,4,4551
4552,4,4552
4553,6,4553
4554,5,4554
4555,6,4555
4556,3,4556
4557,6,4557
4558,3,4558
4559,3,4559
4560,4,4560
4561,2,4561
4562,4,4562
4563,4,4563
4564,5,4564
4565,1,4565
4566,3,4566
4567,5,4567
4568,1,4568
4569,3,4569
4570,2,4570
4571,3,4571
4572,3,4572
4573,6,4573
4574,3,4574
4575,5,4575
4576,4,4576
4577,1,4577
4578,2,4578
4579,2,4579
4580,6,4580
4581,6,4581
4582,2,4582
4583,5,4583
4584,2,4584
4585,3,4585
4586,5,4586
4587,3,4587
4588,6,4588
4589,6,4589
4590,2,4590
4591,3,4591
4592,3,4592
4593,5,4593
4594,1,4594
4595,4,4595
4596,2,4596
4597,2,4597
4598,2,4598
4599,3,4599
4600,3,4600
4601,3,4601
4602,4,4602
4603,5,4603
4604,3,4604
4605,2,4605
4606,2,4606
4607,6,4607
4608,3,4608
4609,1,4609
4610,3,4610
4611,3,4611
4612,5,4612
4613,3,4613
4614,4,4614
4615,6,4615
4616,6,4616
4617,1,4617
4618,2,4618
4619,3,4619
4620,6,4620
4621,2,4621
4622,5,4622
4623,6,4623
4624,3,4624
4625,5,4625
4626,2,4626
4627,1,4627
4628,5,4628
4629,3,4629
4630,3,4630
4631,5,4631
4632,3,4632
4633,5,4633
4634,4,4634
4635,3,4635
4636,1,4636
4637,6,4637
4638,5,4638
4639,1,4639
4640,2,4640
4641,5,4641
4642,3,4642
4643,4,4643
4644,6,4644
4645,3,4645
4646,5,4646
4647,1,4647
4648,4,4648
4649,4,4649
4650,3,4650
4651,2,4651
4652,2,4652
4653,3,4653
4654,5,4654
4655,2,4655
4656,3,4656
4657,3,4657
4658,4,4658
4659,1,4659
4660,5,4660
4661,3,4661
4662,3,4662
4663,3,4663
4664,2,4664
4665,2,4665
4666,2,4666
4667,2,4667
4668,3,4668
4669,4,4669
4670,1,4670
4671,6,4671
4672,1,4672
4673,1,4673
4674,6,4674
4675,5,4675
4676,1,4676
4677,3,4677
4678,5,4678
4679,5,4679
4680,5,4680
4681,2,4681
4682,5,4682
4683,3,4683
4684,4,4684
4685,1,4685
4686,4,4686
4687,6,4687
4688,2,4688
4689,3,4689
4690,2,4690
4691,1,4691
4692,2,4692
4693,5,4693
4694,5,4694
4695,4,4695
4696,5,4696
4697,1,4697
4698,4,4698
4699,5,4699
4700,3,4700
4701,2,4701
4702,4,4702
4703,3,4703
4704,3,4704
4705,3,4705
4706,5,4706
4707,1,4707
4708,3,4708
4709,2,4709
4710,2,4710
4711,3,4711
4712,2,4712
4713,4,4713
4714,3,4714
4715,4,4715
4716,6,4716
4717,2,4717
4718,6,4718
4719,4,4719
4720,2,4720
4721,5,4721
4722,5,4722
4723,1,4723
4724,4,4724
4725,3,4725
4726,2,4726
4727,2,4727
4728,4,4728
4729,6,4729
4730,2,4730
4731,4,4731
4732,4,4732
4733,4,4733
4734,5,4734
4735,6,4735
4736,6,4736
4737,2,4737
4738,2,4738
4739,6,4739
4740,2,4740
4741,4,4741
4742,2,4742
4743,1,4743
4744,6,4744
4745,2,4745
4746,6,4746
4747,6,4747
4748,4,4748
4749,5,4749
4750,1,4750
4751,4,4751
4752,4,4752
4753,4,4753
4754,3,4754
4755,4,4755
4756,2,4756
4757,6,4757
4758,6,4758
4759,2,4759
4760,4,4760
4761,6,4761
4762,2,4762
4763,3,4763
4764,4,4764
4765,3,4765
4766,4,4766
4767,2,4767
4768,3,4768
4769,3,4769
4770,4,4770
4771,4,4771
4772,1,4772
4773,6,4773
4774,4,4774
4775,2,4775
4776,5,4776
4777,2,4777
4778,6,4778
4779,5,4779
4780,4,4780
4781,5,4781
4782,4,4782
4783,5,4783
4784,1,4784
4785,4,4785
4786,5,4786
4787,2,4787
4788,5,4788
4789,2,4789
4790,2,4790
4791,3,4791
4792,3,4792
4793,6,4793
4794,3,4794
4795,3,4795
4796,2,4796
4797,5,4797
4798,4,4798
4799,6,4799
4800,6,4800
4801,6,4801
4802,6,4802
4803,6,4803
4804,3,4804
4805,6,4805
4806,6,4806
4807,2,4807
4808,6,4808
4809,6,4809
4810,5,4810
4811,5,4811
4812,5,4812
4813,1,4813
4814,2,4814
4815,4,4815
4816,4,4816
4817,3,4817
4818,2,4818
4819,6,4819
4820,1,4820
4821,6,4821
4822,3,4822
4823,2,4823
4824,5,4824
4825,5,4825
4826,2,4826
4827,3,4827
4828,3,4828
4829,4,4829
4830,5,4830
4831,1,4831
4832,5,4832
4833,3,4833
4834,4,4834
4835,2,4835
4836,6,4836
4837,6,4837
4838,3,4838
4839,2,4839
4840,4,4840
4841,6,4841
4842,6,4842
4843,5,4843
4844,6,4844
4845,4,4845
4846,2,4846
4847,6,4847
4848,1,4848
4849,6,4849
4850,6,4850
4851,5,4851
4852,5,4852
4853,2,4853
4854,5,4854
4855,6,4855
4856,1,4856
4857,4,4857
4858,3,4858
4859,3,4859
4860,3,4860
4861,3,4861
4862,3,4862
4863,1,4863
4864,6,4864
4865,1,4865
4866,2,4866
4867,3,4867
4868,3,4868
4869,5,4869
4870,6,4870
4871,5,4871
4872,3,4872
4873,1,4873
4874,1,4874
4875,3,4875
4876,5,4876
4877,5,4877
4878,3,4878
4879,4,4879
4880,5,4880
4881,5,4881
4882,2,4882
4883,2,4883
4884,3,4884
4885,6,4885
4886,6,4886
4887,3,4887
4888,2,4888
4889,6,4889
4890,6,4890
4891,4,4891
4892,3,4892
4893,6,4893
4894,3,4894
4895,3,4895
4896,4,4896
4897,1,4897
4898,2,4898
4899,2,4899
4900,5,4900
4901,1,4901
4902,2,4902
4903,5,4903
4904,2,4904
4905,1,4905
4906,3,4906
4907,3,4907
4908,5,4908
4909,1,4909
4910,1,4910
4911,1,4911
4912,4,4912
4913,4,4913
4914,2,4914
4915,1,4915
4916,5,4916
4917,2,4917
4918,3,4918
4919,5,4919
4920,6,4920
4921,3,4921
4922,1,4922
4923,2,4923
4924,2,4924
4925,2,4925
4926,2,4926
4927,2,4927
4928,5,4928
4929,3,4929
4930,1,4930
4931,5,4931
4932,1,4932
4933,5,4933
4934,3,4934
4935,3,4935
4936,6,4936
4937,3,4937
4938,6,4938
4939,2,4939
4940,2,4940
4941,6,4941
4942,4,4942
4943,2,4943
4944,4,4944
4945,2,4945
4946,3,4946
4947,6,4947
4948,5,4948
4949,3,4949
4950,1,4950
4951,4,4951
4952,1,4952
4953,1,4953
4954,1,4954
4955,5,4955
4956,3,4956
4957,4,4957
4958,6,4958
4959,6,4959
4960,3,4960
4961,2,4961
4962,4,4962
4963,3,4963
4964,5,4964
4965,1,4965
4966,2,4966
4967,2,4967
4968,3,4968
4969,3,4969
4970,3,4970
4971,2,4971
4972,6,4972
4973,3,4973
4974,5,4974
4975,6,4975
4976,3,4976
4977,6,4977
4978,4,4978
4979,5,4979
4980,2,4980
4981,1,4981
4982,2,4982
4983,5,4983
4984,3,4984
4985,5,4985
4986,6,4986
4987,2,4987
4988,3,4988
4989,5,4989
4990,3,4990
4991,6,4991
4992,3,4992
4993,4,4993
4994,2,4994
4995,3,4995
4996,1,4996
4997,2,4997
4998,2,4998
4999,5,4999
5000,3,5000
5001,2,5001
5002,3,5002
5003,3,5003
5004,4,5004
5005,1,5005
5006,2,5006
5007,5,5007
5008,6,5008
5009,3,5009
5010,6,5010
5011,1,5011
5012,6,5012
5013,4,5013
5014,6,5014
5015,6,5015
5016,3,5016
5017,2,5017
5018,6,5018
5019,2,5019
5020,4,5020
5021,6,5021
5022,4,5022
5023,5,5023
5024,5,5024
5025,2,5025
5026,2,5026
5027,6,5027
5028,2,5028
5029,4,5029
5030,5,5030
5031,2,5031
5032,4,5032
5033,6,5033
5034,5,5034
5035,1,5035
5036,2,5036
5037,5,5037
5038,6,5038
5039,2,5039
5040,6,5040
5041,1,5041
5042,3,5042
5043,5,5043
5044,4,5044
5045,6,5045
5046,6,5046
5047,2,5047
5048,6,5048
5049,2,5049
5050,6,5050
5051,1,5051
5052,5,5052
5053,5,5053
5054,5,5054
5055,2,5055
5056,2,5056
5057,1,5057
5058,4,5058
5059,3,5059
5060,1,5060
5061,4,5061
5062,6,5062
5063,2,5063
5064,3,5064
5065,2,5065
5066,5,5066
5067,6,5067
5068,5,5068
5069,6,5069
5070,6,5070
5071,3,5071
5072,2,5072
5073,6,5073
5074,1,5074
5075,4,5075
5076,5,5076
5077,4,5077
5078,5,5078
5079,5,5079
5080,2,5080
5081,4,5081
5082,6,5082
5083,1,5083
5084,3,5084
5085,2,5085
5086,3,5086
5087,1,5087
5088,6,5088
5089,3,5089
5090,6,5090
5091,3,5091
5092,4,5092
5093,3,5093
5094,3,5094
5095,1,5095
5096,2,5096
5097,6,5097
5098,5,5098
5099,1,5099
5100,5,5100
5101,6,5101
5102,2,5102
5103,3,5103
5104,1,5104
5105,2,5105
5106,5,5106
5107,1,5107
5108,5,5108
5109,4,5109
5110,2,5110
5111,6,5111
5112,6,5112
5113,2,5113
5114,5,5114
5115,6,5115
5116,3,5116
5117,3,5117
5118,1,5118
5119,3,5119
5120,2,5120
5121,5,5121
5122,3,5122
5123,6,5123
5124,1,5124
5125,4,5125
5126,1,5126
5127,3,5127
5128,5,5128
5129,4,5129
5130,6,5130
5131,3,5131
5132,6,5132
5133,4,5133
5134,1,5134
5135,2,5135
5136,4,5136
5137,6,5137
5138,6,5138
5139,3,5139
5140,6,5140
5141,3,5141
5142,3,5142
5143,3,5143
5144,6,5144
5145,1,5145
5146,4,5146
5147,3,5147
5148,1,5148
5149,4,5149
5150,4,5150
5151,3,5151
5152,4,5152
5153,3,5153
5154,3,5154
5155,3,5155
5156,1,5156
5157,5,5157
5158,6,5158
5159,5,5159
5160,3,5160
5161,3,5161
5162,2,5162
5163,1,5163
5164,6,5164
5165,1,5165
5166,3,5166
5167,5,5167
5168,1,5168
5169,6,5169
5170,2,5170
5171,2,5171
5172,5,5172
5173,1,5173
5174,4,5174
5175,4,5175
5176,3,5176
5177,2,5177
5178,6,5178
5179,4,5179
5180,5,5180
5181,3,5181
5182,2,5182
5183,3,5183
5184,1,5184
5185,6,5185
5186,1,5186
5187,1,5187
5188,6,5188
5189,6,5189
5190,2,5190
5191,2,5191
5192,3,5192
5193,6,5193
5194,3,5194
5195,3,5195
5196,1,5196
5197,3,5197
5198,4,5198
5199,1,5199
5200,4,5200
5201,2,5201
5202,6,5202
5203,1,5203
5204,3,5204
5205,5,5205
5206,6,5206
5207,6,5207
5208,1,5208
5209,4,5209
5210,4,5210
5211,5,5211
5212,4,5212
5213,2,5213
5214,2,5214
5215,1,5215
5216,2,5216
5217,4,5217
5218,5,5218
5219,4,5219
5220,1,5220
5221,1,5221
5222,3,5222
5223,3,5223
5224,2,5224
5225,2,5225
5226,1,5226
5227,1,5227
5228,4,5228
5229,2,5229
5230,5,5230
5231,4,5231
5232,6,5232
5233,4,5233
5234,1,5234
5235,4,5235
5236,4,5236
5237,3,5237
5238,5,5238
5239,5,5239
5240,2,5240
5241,3,5241
5242,1,5242
5243,1,5243
5244,1,5244
5245,1,5245
5246,5,5246
5247,5,5247
5248,6,5248
5249,6,5249
5250,2,5250
5251,2,5251
5252,1,5252
5253,4,5253
5254,5,5254
5255,2,5255
5256,6,5256
5257,2,5257
5258,3,5258
5259,6,5259
5260,5,5260
5261,5,5261
5262,1,5262
5263,6,5263
5264,4,5264
5265,5,5265
5266,3,5266
5267,6,5267
5268,2,5268
5269,3,5269
5270,3,5270
5271,3,5271
5272,4,5272
5273,2,5273
5274,6,5274
5275,6,5275
5276,2,5276
5277,1,5277
5278,3,5278
5279,5,5279
5280,6,5280
5281,2,5281
5282,4,5282
5283,5,5283
5284,3,5284
5285,2,5285
5286,3,5286
5287,6,5287
5288,5,5288
5289,1,5289
5290,2,5290
5291,2,5291
5292,3,5292
5293,2,5293
5294,3,5294
5295,5,5295
5296,5,5296
5297,4,5297
5298,4,5298
5299,5,5299
5300,5,5300
5301,2,5301
5302,2,5302
5303,5,5303
5304,2,5304
5305,3,5305
5306,3,5306
5307,6,5307
5308,2,5308
5309,6,5309
5310,1,5310
5311,4,5311
5312,3,5312
5313,6,5313
5314,6,5314
5315,1,5315
5316,2,5316
5317,3,5317
5318,2,5318
5319,3,5319
5320,1,5320
5321,1,5321
5322,6,5322
5323,1,5323
5324,2,5324
5325,1,5325
5326,5,5326
5327,4,5327
5328,1,5328
5329,2,5329
5330,4,5330
5331,5,5331
5332,3,5332
5333,2,5333
5334,4,5334
5335,5,5335
5336,2,5336
5337,3,5337
5338,6,5338
5339,1,5339
5340,6,5340
5341,1,5341
5342,5,5342
5343,4,5343
5344,4,5344
5345,3,5345
5346,3,5346
5347,3,5347
5348,4,5348
5349,2,5349
5350,3,5350
5351,6,5351
5352,4,5352
5353,4,5353
5354,1,5354
5355,4,5355
5356,4,5356
5357,4,5357
5358,3,5358
5359,2,5359
5360,6,5360
5361,5,5361
5362,3,5362
5363,6,5363
5364,2,5364
5365,6,5365
5366,2,5366
5367,3,5367
5368,3,5368
5369,3,5369
5370,6,5370
5371,6,5371
5372,2,5372
5373,6,5373
5374,6,5374
5375,6,5375
5376,4,5376
5377,3,5377
5378,1,5378
5379,5,5379
5380,2,5380
5381,4,5381
5382,3,5382
5383,3,5383
5384,4,5384
5385,3,5385
5386,3,5386
5387,4,5387
5388,4,5388
5389,3,5389
5390,4,5390
5391,6,5391
5392,5,5392
5393,6,5393
5394,3,5394
5395,2,5395
5396,5,5396
5397,3,5397
5398,2,5398
5399,3,5399
5400,6,5400
5401,2,5401
5402,4,5402
5403,6,5403
5404,1,5404
5405,3,5405
5406,3,5406
5407,3,5407
5408,2,5408
5409,3,5409
5410,2,5410
5411,4,5411
5412,3,5412
5413,5,5413
5414,6,5414
5415,3,5415
5416,1,5416
5417,5,5417
5418,1,5418
5419,3,5419
5420,3,5420
5421,4,5421
5422,6,5422
5423,3,5423
5424,4,5424
5425,1,5425
5426,3,5426
5427,5,5427
5428,4,5428
5429,6,5429
5430,6,5430
5431,3,5431
5432,3,5432
5433,2,5433
5434,6,5434
5435,5,5435
5436,5,5436
5437,6,5437
5438,5,5438
5439,3,5439
5440,5,5440
5441,4,5441
5442,5,5442
5443,5,5443
5444,1,5444
5445,4,5445
5446,5,5446
5447,3,5447
5448,2,5448
5449,1,5449
5450,1,5450
5451,2,5451
5452,4,5452
5453,3,5453
5454,2,5454
5455,2,5455
5456,6,5456
5457,2,5457
5458,3,5458
5459,5,5459
5460,2,5460
5461,6,5461
5462,3,5462
5463,6,5463
5464,2,5464
5465,6,5465
5466,6,5466
5467,6,5467
5468,2,5468
5469,6,5469
5470,2,5470
5471,3,5471
5472,1,5472
5473,3,5473
5474,4,5474
5475,5,5475
5476,5,5476
5477,5,5477
5478,3,5478
5479,4,5479
5480,6,5480
5481,6,5481
5482,2,5482
5483,3,5483
5484,3,5484
5485,3,5485
5486,3,5486
5487,5,5487
5488,6,5488
5489,4,5489
5490,5,5490
5491,3,5491
5492,5,5492
5493,2,5493
5494,1,5494
5495,2,5495
5496,2,5496
5497,4,5497
5498,3,5498
5499,6,5499
5500,5,5500
5501,4,5501
5502,4,5502
5503,6,5503
5504,1,5504
5505,1,5505
5506,5,5506
5507,4,5507
5508,6,5508
5509,6,5509
5510,5,5510
5511,4,5511
5512,6,5512
5513,1,5513
5514,4,5514
5515,2,5515
5516,2,5516
5517,2,5517
5518,6,5518
5519,2,5519
5520,2,5520
5521,3,5521
5522,3,5522
5523,1,5523
5524,3,5524
5525,6,5525
5526,3,5526
5527,2,5527
5528,1,5528
5529,4,5529
5530,2,5530
5531,5,5531
5532,1,5532
5533,2,5533
5534,2,5534
5535,6,5535
5536,6,5536
5537,6,5537
5538,5,5538
5539,2,5539
5540,5,5540
5541,5,5541
5542,5,5542
5543,5,5543
5544,4,5544
5545,5,5545
5546,6,5546
5547,3,5547
5548,6,5548
5549,2,5549
5550,6,5550
5551,4,5551
5552,5,5552
5553,3,5553
5554,3,5554
5555,2,5555
5556,6,5556
5557,2,5557
5558,2,5558
5559,2,5559
5560,2,5560
5561,3,5561
5562,2,5562
5563,6,5563
5564,4,5564
5565,6,5565
5566,5,5566
5567,1,5567
5568,3,5568
5569,3,5569
5570,2,5570
5571,3,5571
5572,5,5572
5573,6,5573
5574,5,5574
5575,1,5575
5576,3,5576
5577,1,5577
5578,6,5578
5579,3,5579
5580,5,5580
5581,4,5581
5582,3,5582
5583,3,5583
5584,2,5584
5585,5,5585
5586,4,5586
5587,1,5587
5588,3,5588
5589,4,5589
5590,2,5590
5591,5,5591
5592,6,5592
5593,6,5593
5594,2,5594
5595,1,5595
5596,1,5596
5597,2,5597
5598,3,5598
5599,1,5599
5600,1,5600
5601,3,5601
5602,6,5602
5603,6,5603
5604,5,5604
5605,6,5605
5606,3,5606
5607,1,5607
5608,6,5608
5609,1,5609
5610,1,5610
5611,3,5611
5612,1,5612
5613,6,5613
5614,1,5614
5615,5,5615
5616,6,5616
5617,6,5617
5618,3,5618
5619,6,5619
5620,4,5620
5621,3,5621
5622,6,5622
5623,4,5623
5624,1,5624
5625,4,5625
5626,3,5626
5627,1,5627
5628,5,5628
5629,3,5629
5630,2,5630
5631,6,5631
5632,1,5632
5633,4,5633
5634,4,5634
5635,6,5635
5636,6,5636
5637,6,5637
5638,5,5638
5639,6,5639
5640,4,5640
5641,2,5641
5642,6,5642
5643,3,5643
5644,2,5644
5645,2,5645
5646,4,5646
5647,5,5647
5648,4,5648
5649,2,5649
5650,4,5650
5651,2,5651
5652,6,5652
5653,3,5653
5654,4,5654
5655,1,5655
5656,4,5656
5657,5,5657
5658,5,5658
5659,5,5659
5660,2,5660
5661,1,5661
5662,5,5662
5663,1,5663
5664,1,5664
5665,4,5665
5666,4,5666
5667,5,5667
5668,6,5668
5669,4,5669
5670,6,5670
5671,3,5671
5672,1,5672
5673,5,5673
5674,5,5674
5675,4,5675
5676,3,5676
5677,4,5677
5678,1,5678
5679,4,5679
5680,2,5680
5681,3,5681
5682,3,5682
5683,2,5683
5684,1,5684
5685,4,5685
5686,1,5686
5687,1,5687
5688,5,5688
5689,4,5689
5690,4,5690
5691,2,5691
5692,6,5692
5693,3,5693
5694,5,5694
5695,5,5695
5696,2,5696
5697,1,5697
5698,3,5698
5699,1,5699
5700,3,5700
5701,1,5701
5702,1,5702
5703,3,5703
5704,2,5704
5705,4,5705
5706,4,5706
5707,6,5707
5708,4,5708
5709,3,5709
5710,1,5710
5711,3,5711
5712,4,5712
5713,3,5713
5714,4,5714
5715,4,5715
5716,2,5716
5717,5,5717
5718,4,5718
5719,4,5719
5720,3,5720
5721,1,5721
5722,4,5722
5723,3,5723
5724,2,5724
5725,2,5725
5726,3,5726
5727,2,5727
5728,1,5728
5729,1,5729
5730,5,5730
5731,2,5731
5732,6,5732
5733,1,5733
5734,5,5734
5735,3,5735
5736,2,5736
5737,2,5737
5738,3,5738
5739,3,5739
5740,2,5740
5741,6,5741
5742,4,5742
5743,2,5743
5744,3,5744
5745,6,5745
5746,6,5746
5747,6,5747
5748,2,5748
5749,4,5749
5750,5,5750
5751,6,5751
5752,2,5752
5753,6,5753
5754,5,5754
5755,2,5755
5756,4,5756
5757,3,5757
5758,4,5758
5759,2,5759
5760,2,5760
5761,2,5761
5762,5,5762
5763,5,5763
5764,3,5764
5765,2,5765
5766,3,5766
5767,3,5767
5768,4,5768
5769,3,5769
5770,4,5770
5771,5,5771
5772,4,5772
5773,2,5773
5774,5,5774
5775,2,5775
5776,4,5776
5777,2,5777
5778,3,5778
5779,2,5779
5780,4,5780
5781,4,5781
5782,3,5782
5783,2,5783
5784,1,5784
5785,3,5785
5786,4,5786
5787,6,5787
5788,4,5788
5789,6,5789
5790,4,5790
5791,5,5791
5792,2,5792
5793,4,5793
5794,2,5794
5795,6,5795
5796,3,5796
5797,5,5797
5798,4,5798
5799,3,5799
5800,3,5800
5801,3,5801
5802,3,5802
5803,3,5803
5804,4,5804
5805,2,5805
5806,5,5806
5807,4,5807
5808,2,5808
5809,3,5809
5810,2,5810
5811,3,5811
5812,2,5812
5813,6,5813
5814,2,5814
5815,1,5815
5816,3,5816
5817,3,5817
5818,3,5818
5819,6,5819
5820,5,5820
5821,3,5821
5822,1,5822
5823,4,5823
5824,3,5824
5825,5,5825
5826,5,5826
5827,2,5827
5828,5,5828
5829,2,5829
5830,6,5830
5831,6,5831
5832,6,5832
5833,1,5833
5834,2,5834
5835,3,5835
5836,4,5836
5837,5,5837
5838,1,5838
5839,3,5839
5840,6,5840
5841,2,5841
5842,6,5842
5843,2,5843
5844,2,5844
5845,4,5845
5846,3,5846
5847,5,5847
5848,3,5848
5849,3,5849
5850,1,5850
5851,4,5851
5852,4,5852
5853,4,5853
5854,5,5854
5855,1,5855
5856,6,5856
5857,5,5857
5858,3,5858
5859,6,5859
5860,5,5860
5861,3,5861
5862,1,5862
5863,3,5863
5864,3,5864
5865,4,5865
5866,4,5866
5867,3,5867
5868,3,5868
5869,6,5869
5870,4,5870
5871,6,5871
5872,3,5872
5873,3,5873
5874,3,5874
5875,3,5875
5876,6,5876
5877,6,5877
5878,5,5878
5879,4,5879
5880,3,5880
5881,1,5881
5882,5,5882
5883,2,5883
5884,1,5884
5885,2,5885
5886,6,5886
5887,4,5887
5888,6,5888
5889,3,5889
5890,4,5890
5891,5,5891
5892,2,5892
5893,1,5893
5894,3,5894
5895,3,5895
5896,1,5896
5897,3,5897
5898,1,5898
5899,3,5899
5900,3,5900
5901,3,5901
5902,5,5902
5903,4,5903
5904,6,5904
5905,3,5905
5906,6,5906
5907,3,5907
5908,1,5908
5909,2,5909
5910,2,5910
5911,2,5911
5912,4,5912
5913,5,5913
5914,1,5914
5915,3,5915
5916,4,5916
5917,3,5917
5918,5,5918
5919,6,5919
5920,6,5920
5921,5,5921
5922,6,5922
5923,5,5923
5924,6,5924
5925,4,5925
5926,3,5926
5927,4,5927
5928,6,5928
5929,5,5929
5930,3,5930
5931,4,5931
5932,4,5932
5933,3,5933
5934,3,5934
5935,6,5935
5936,2,5936
5937,5,5937
5938,2,5938
5939,5,5939
5940,6,5940
5941,6,5941
5942,6,5942
5943,6,5943
5944,3,5944
5945,3,5945
5946,4,5946
5947,6,5947
5948,2,5948
5949,6,5949
5950,2,5950
5951,2,5951
5952,4,5952
5953,3,5953
5954,1,5954
5955,3,5955
5956,2,5956
5957,3,5957
5958,4,5958
5959,6,5959
5960,3,5960
5961,6,5961
5962,5,5962
5963,5,5963
5964,4,5964
5965,4,5965
5966,6,5966
5967,3,5967
5968,4,5968
5969,2,5969
5970,6,5970
5971,2,5971
5972,3,5972
5973,4,5973
5974,6,5974
5975,6,5975
5976,3,5976
5977,5,5977
5978,6,5978
5979,4,5979
5980,3,5980
5981,2,5981
5982,6,5982
5983,6,5983
5984,4,5984
5985,4,5985
5986,5,5986
5987,1,5987
5988,5,5988
5989,6,5989
5990,6,5990
5991,2,5991
5992,2,5992
5993,3,5993
5994,2,5994
5995,6,5995
5996,2,5996
5997,2,5997
5998,6,5998
5999,2,5999
6000,3,6000
6001,6,6001
6002,4,6002
6003,3,6003
6004,6,6004
6005,2,6005
6006,3,6006
6007,2,6007
6008,3,6008
6009,3,6009
6010,6,6010
6011,6,6011
6012,2,6012
6013,4,6013
6014,2,6014
6015,6,6015
6016,5,6016
6017,2,6017
6018,2,6018
6019,6,6019
6020,5,6020
6021,4,6021
6022,3,6022
6023,6,6023
6024,6,6024
6025,3,6025
6026,2,6026
6027,6,6027
6028,4,6028
6029,5,6029
6030,3,6030
6031,2,6031
6032,6,6032
6033,6,6033
6034,5,6034
6035,2,6035
6036,4,6036
6037,3,6037
6038,3,6038
6039,5,6039
6040,3,6040
6041,2,6041
6042,6,6042
6043,2,6043
6044,3,6044
6045,3,6045
6046,2,6046
6047,2,6047
6048,3,6048
6049,3,6049
6050,1,6050
6051,2,6051
6052,5,6052
6053,6,6053
6054,3,6054
6055,3,6055
6056,6,6056
6057,3,6057
6058,3,6058
6059,3,6059
6060,5,6060
6061,5,6061
6062,2,6062
6063,1,6063
6064,2,6064
6065,6,6065
6066,4,6066
6067,3,6067
6068,4,6068
6069,2,6069
6070,2,6070
6071,5,6071
6072,6,6072
6073,6,6073
6074,3,6074
6075,5,6075
6076,5,6076
6077,2,6077
6078,6,6078
6079,5,6079
6080,5,6080
6081,2,6081
6082,2,6082
6083,1,6083
6084,1,6084
6085,3,6085
6086,5,6086
6087,6,6087
6088,4,6088
6089,6,6089
6090,3,6090
6091,5,6091
6092,3,6092
6093,6,6093
6094,3,6094
6095,3,6095
6096,5,6096
6097,5,6097
6098,1,6098
6099,5,6099
6100,5,6100
6101,6,6101
6102,5,6102
6103,3,6103
6104,6,6104
6105,5,6105
6106,6,6106
6107,3,6107
6108,4,6108
6109,3,6109
6110,5,6110
6111,3,6111
6112,3,6112
6113,5,6113
6114,4,6114
6115,1,6115
6116,4,6116
6117,3,6117
6118,1,6118
6119,6,6119
6120,4,6120
6121,6,6121
6122,6,6122
6123,2,6123
6124,6,6124
6125,1,6125
6126,5,6126
6127,6,6127
6128,6,6128
6129,1,6129
6130,6,6130
6131,4,6131
6132,2,6132
6133,4,6133
6134,5,6134
6135,2,6135
6136,3,6136
6137,4,6137
6138,6,6138
6139,1,6139
6140,2,6140
6141,2,6141
6142,2,6142
6143,3,6143
6144,6,6144
6145,4,6145
6146,6,6146
6147,3,6147
6148,5,6148
6149,1,6149
6150,3,6150
6151,1,6151
6152,4,6152
6153,2,6153
6154,6,6154
6155,5,6155
6156,2,6156
6157,5,6157
6158,2,6158
6159,2,6159
6160,4,6160
6161,2,6161
6162,2,6162
6163,3,6163
6164,5,6164
6165,2,6165
6166,2,6166
6167,2,6167
6168,6,6168
6169,6,6169
6170,1,6170
6171,5,6171
6172,5,6172
6173,4,6173
6174,3,6174
6175,2,6175
6176,1,6176
6177,4,6177
6178,6,6178
6179,1,6179
6180,2,6180
6181,4,6181
6182,3,6182
6183,5,6183
6184,2,6184
6185,5,6185
6186,3,6186
6187,3,6187
6188,6,6188
6189,2,6189
6190,2,6190
6191,5,6191
6192,5,6192
6193,2,6193
6194,2,6194
6195,2,6195
6196,6,6196
6197,5,6197
6198,5,6198
6199,6,6199
6200,3,6200
6201,3,6201
6202,5,6202
6203,5,6203
6204,5,6204
6205,3,6205
6206,2,6206
6207,2,6207
6208,2,6208
6209,3,6209
6210,2,6210
6211,5,6211
6212,2,6212
6213,3,6213
6214,2,6214
6215,6,6215
6216,2,6216
6217,2,6217
6218,2,6218
6219,3,6219
6220,5,6220
6221,2,6221
6222,3,6222
6223,5,6223
6224,4,6224
6225,3,6225
6226,2,6226
6227,2,6227
6228,1,6228
6229,4,6229
6230,3,6230
6231,2,6231
6232,4,6232
6233,3,6233
6234,2,6234
6235,5,6235
6236,2,6236
6237,2,6237
6238,5,6238
6239,4,6239
6240,1,6240
6241,3,6241
6242,6,6242
6243,2,6243
6244,4,6244
6245,4,6245
6246,6,6246
6247,2,6247
6248,2,6248
6249,2,6249
6250,5,6250
6251,3,6251
6252,6,6252
6253,5,6253
6254,5,6254
6255,6,6255
6256,2,6256
6257,1,6257
6258,2,6258
6259,4,6259
6260,3,6260
6261,6,6261
6262,5,6262
6263,5,6263
6264,2,6264
6265,6,6265
6266,2,6266
6267,5,6267
6268,3,6268
6269,2,6269
6270,4,6270
6271,4,6271
6272,2,6272
6273,4,6273
6274,3,6274
6275,2,6275
6276,3,6276
6277,2,6277
6278,1,6278
6279,1,6279
6280,4,6280
6281,2,6281
6282,6,6282
6283,4,6283
6284,3,6284
6285,2,6285
6286,2,6286
6287,2,6287
6288,4,6288
6289,6,6289
6290,5,6290
6291,2,6291
6292,4,6292
6293,6,6293
6294,5,6294
6295,5,6295
6296,6,6296
6297,3,6297
6298,2,6298
6299,1,6299
6300,3,6300
6301,5,6301
6302,4,6302
6303,6,6303
6304,1,6304
6305,2,6305
6306,2,6306
6307,4,6307
6308,4,6308
6309,2,6309
6310,1,6310
6311,1,6311
6312,1,6312
6313,4,6313
6314,5,6314
6315,6,6315
6316,2,6316
6317,3,6317
6318,5,6318
6319,1,6319
6320,4,6320
6321,6,6321
6322,2,6322
6323,6,6323
6324,5,6324
6325,5,6325
6326,4,6326
6327,1,6327
6328,3,6328
6329,1,6329
6330,5,6330
6331,5,6331
6332,6,6332
6333,1,6333
6334,6,6334
6335,1,6335
6336,6,6336
6337,1,6337
6338,5,6338
6339,2,6339
6340,3,6340
6341,6,6341
6342,1,6342
6343,1,6343
6344,1,6344
6345,2,6345
6346,3,6346
6347,5,6347
6348,3,6348
6349,4,6349
6350,6,6350
6351,6,6351
6352,5,6352
6353,1,6353
6354,2,6354
6355,6,6355
6356,5,6356
6357,5,6357
6358,3,6358
6359,3,6359
6360,1,6360
6361,6,6361
6362,1,6362
6363,1,6363
6364,5,6364
6365,6,6365
6366,4,6366
6367,4,6367
6368,3,6368
6369,6,6369
6370,4,6370
6371,6,6371
6372,4,6372
6373,2,6373
6374,5,6374
6375,4,6375
6376,1,6376
6377,3,6377
6378,1,6378
6379,4,6379
6380,3,6380
6381,3,6381
6382,6,6382
6383,6,6383
6384,3,6384
6385,3,6385
6386,5,6386
6387,5,6387
6388,5,6388
6389,3,6389
6390,1,6390
6391,1,6391
6392,5,6392
6393,4,6393
6394,3,6394
6395,2,6395
6396,3,6396
6397,3,6397
6398,6,6398
6399,1,6399
6400,1,6400
6401,2,6401
6402,2,6402
6403,4,6403
6404,5,6404
6405,2,6405
6406,5,6406
6407,3,6407
6408,3,6408
6409,2,6409
6410,5,6410
6411,3,6411
6412,4,6412
6413,6,6413
6414,3,6414
6415,1,6415
6416,5,6416
6417,2,6417
6418,2,6418
6419,1,6419
6420,5,6420
6421,4,6421
6422,2,6422
6423,2,6423
6424,5,6424
6425,2,6425
6426,1,6426
6427,6,6427
6428,4,6428
6429,2,6429
6430,2,6430
6431,6,6431
6432,3,6432
6433,4,6433
6434,5,6434
6435,2,6435
6436,1,6436
6437,4,6437
6438,6,6438
6439,2,6439
6440,4,6440
6441,4,6441
6442,4,6442
6443,4,6443
6444,2,6444
6445,3,6445
6446,2,6446
6447,5,6447
6448,3,6448
6449,5,6449
6450,6,6450
6451,5,6451
6452,1,6452
6453,2,6453
6454,2,6454
6455,2,6455
6456,3,6456
6457,4,6457
6458,5,6458
6459,1,6459
6460,6,6460
6461,6,6461
6462,4,6462
6463,5,6463
6464,2,6464
6465,5,6465
6466,3,6466
6467,2,6467
6468,3,6468
6469,4,6469
6470,6,6470
6471,5,6471
6472,2,6472
6473,2,6473
6474,6,6474
6475,4,6475
6476,6,6476
6477,3,6477
6478,3,6478
6479,1,6479
6480,3,6480
6481,6,6481
6482,5,6482
6483,2,6483
6484,6,6484
6485,3,6485
6486,2,6486
6487,4,6487
6488,6,6488
6489,1,6489
6490,3,6490
6491,6,6491
6492,2,6492
6493,1,6493
6494,3,6494
6495,3,6495
6496,3,6496
6497,3,6497
6498,2,6498
6499,1,6499
6500,3,6500
6501,1,6501
6502,3,6502
6503,2,6503
6504,4,6504
6505,6,6505
6506,2,6506
6507,4,6507
6508,3,6508
6509,4,6509
6510,6,6510
6511,6,6511
6512,5,6512
6513,5,6513
6514,6,6514
6515,5,6515
6516,6,6516
6517,3,6517
6518,5,6518
6519,4,6519
6520,6,6520
6521,1,6521
6522,2,6522
6523,3,6523
6524,2,6524
6525,2,6525
6526,3,6526
6527,6,6527
6528,4,6528
6529,3,6529
6530,3,6530
6531,2,6531
6532,2,6532
6533,6,6533
6534,3,6534
6535,4,6535
6536,3,6536
6537,3,6537
6538,5,6538
6539,2,6539
6540,4,6540
6541,4,6541
6542,4,6542
6543,3,6543
6544,4,6544
6545,4,6545
6546,6,6546
6547,4,6547
6548,5,6548
6549,6,6549
6550,6,6550
6551,1,6551
6552,5,6552
6553,1,6553
6554,4,6554
6555,1,6555
6556,3,6556
6557,1,6557
6558,1,6558
6559,5,6559
6560,1,6560
6561,3,6561
6562,2,6562
6563,2,6563
6564,5,6564
6565,1,6565
6566,4,6566
6567,3,6567
6568,6,6568
6569,3,6569
6570,6,6570
6571,5,6571
6572,6,6572
6573,6,6573
6574,5,6574
6575,6,6575
6576,5,6576
6577,3,6577
6578,2,6578
6579,3,6579
6580,1,6580
6581,5,6581
6582,4,6582
6583,5,6583
6584,6,6584
6585,4,6585
6586,2,6586
6587,5,6587
6588,4,6588
6589,1,6589
6590,5,6590
6591,3,6591
6592,3,6592
6593,4,6593
6594,2,6594
6595,2,6595
6596,6,6596
6597,5,6597
6598,6,6598
6599,2,6599
6600,5,6600
6601,2,6601
6602,4,6602
6603,2,6603
6604,3,6604
6605,5,6605
6606,2,6606
6607,6,6607
6608,2,6608
6609,2,6609
6610,6,6610
6611,6,6611
6612,3,6612
6613,2,6613
6614,3,6614
6615,5,6615
6616,6,6616
6617,1,6617
6618,1,6618
6619,4,6619
6620,3,6620
6621,3,6621
6622,4,6622
6623,6,6623
6624,4,6624
6625,3,6625
6626,5,6626
6627,5,6627
6628,1,6628
6629,1,6629
6630,1,6630
6631,2,6631
6632,1,6632
6633,4,6633
6634,6,6634
6635,2,6635
6636,2,6636
6637,4,6637
6638,5,6638
6639,4,6639
6640,4,6640
6641,4,6641
6642,4,6642
6643,6,6643
6644,3,6644
6645,3,6645
6646,2,6646
6647,6,6647
6648,5,6648
6649,5,6649
6650,6,6650
6651,3,6651
6652,3,6652
6653,2,6653
6654,5,6654
6655,4,6655
6656,2,6656
6657,6,6657
6658,3,6658
6659,3,6659
6660,1,6660
6661,2,6661
6662,6,6662
6663,4,6663
6664,5,6664
6665,5,6665
6666,5,6666
6667,6,6667
6668,6,6668
6669,2,6669
6670,5,6670
6671,1,6671
6672,5,6672
6673,5,6673
6674,6,6674
6675,3,6675
6676,5,6676
6677,4,6677
6678,1,6678
6679,4,6679
6680,1,6680
6681,3,6681
6682,6,6682
6683,2,6683
6684,5,6684
6685,3,6685
6686,5,6686
6687,5,6687
6688,3,6688
6689,3,6689
6690,4,6690
6691,3,6691
6692,3,6692
6693,5,6693
6694,1,6694
6695,1,6695
6696,4,6696
6697,4,6697
6698,3,6698
6699,5,6699
6700,3,6700
6701,1,6701
6702,4,6702
6703,2,6703
6704,6,6704
6705,4,6705
6706,1,6706
6707,3,6707
6708,3,6708
6709,4,6709
6710,2,6710
6711,6,6711
6712,4,6712
6713,5,6713
6714,2,6714
6715,3,6715
6716,1,6716
6717,3,6717
6718,4,6718
6719,2,6719
6720,5,6720
6721,2,6721
6722,5,6722
6723,2,6723
6724,2,6724
6725,1,6725
6726,5,6726
6727,6,6727
6728,2,6728
6729,2,6729
6730,5,6730
6731,6,6731
6732,1,6732
6733,6,6733
6734,6,6734
6735,4,6735
6736,2,6736
6737,2,6737
6738,4,6738
6739,2,6739
6740,1,6740
6741,4,6741
6742,3,6742
6743,4,6743
6744,2,6744
6745,3,6745
6746,6,6746
6747,1,6747
6748,1,6748
6749,1,6749
6750,5,6750
6751,2,6751
6752,6,6752
6753,1,6753
6754,4,6754
6755,4,6755
6756,6,6756
6757,3,6757
6758,1,6758
6759,1,6759
6760,6,6760
6761,3,6761
6762,4,6762
6763,6,6763
6764,2,6764
6765,2,6765
6766,2,6766
6767,5,6767
6768,2,6768
6769,5,6769
6770,6,6770
6771,3,6771
6772,1,6772
6773,3,6773
6774,2,6774
6775,2,6775
6776,2,6776
6777,2,6777
6778,6,6778
6779,2,6779
6780,4,6780
6781,6,6781
6782,3,6782
6783,6,6783
6784,6,6784
6785,1,6785
6786,2,6786
6787,4,6787
6788,4,6788
6789,3,6789
6790,4,6790
6791,5,6791
6792,5,6792
6793,4,6793
6794,2,6794
6795,2,6795
6796,1,6796
6797,3,6797
6798,6,6798
6799,4,6799
6800,4,6800
6801,3,6801
6802,5,6802
6803,2,6803
6804,5,6804
6805,4,6805
6806,2,6806
6807,1,6807
6808,6,6808
6809,2,6809
6810,5,6810
6811,2,6811
6812,5,6812
6813,2,6813
6814,4,6814
6815,5,6815
6816,3,6816
6817,3,6817
6818,6,6818
6819,1,6819
6820,4,6820
6821,5,6821
6822,2,6822
6823,3,6823
6824,2,6824
6825,3,6825
6826,1,6826
6827,6,6827
6828,1,6828
6829,2,6829
6830,1,6830
6831,2,6831
6832,4,6832
6833,4,6833
6834,6,6834
6835,6,6835
6836,6,6836
6837,4,6837
6838,5,6838
6839,4,6839
6840,6,6840
6841,1,6841
6842,5,6842
6843,1,6843
6844,4,6844
6845,3,6845
6846,2,6846
6847,5,6847
6848,5,6848
6849,6,6849
6850,6,6850
6851,1,6851
6852,3,6852
6853,6,6853
6854,1,6854
6855,5,6855
6856,2,6856
6857,3,6857
6858,5,6858
6859,4,6859
6860,4,6860
6861,1,6861
6862,2,6862
6863,6,6863
6864,3,6864
6865,3,6865
6866,6,6866
6867,5,6867
6868,5,6868
6869,2,6869
6870,2,6870
6871,5,6871
6872,2,6872
6873,2,6873
6874,6,6874
6875,5,6875
6876,3,6876
6877,6,6877
6878,1,6878
6879,3,6879
6880,2,6880
6881,2,6881
6882,3,6882
6883,5,6883
6884,5,6884
6885,2,6885
6886,5,6886
6887,6,6887
6888,3,6888
6889,1,6889
6890,1,6890
6891,6,6891
6892,5,6892
6893,5,6893
6894,6,6894
6895,1,6895
6896,5,6896
6897,1,6897
6898,1,6898
6899,1,6899
6900,3,6900
6901,5,6901
6902,1,6902
6903,3,6903
6904,3,6904
6905,3,6905
6906,3,6906
6907,5,6907
6908,1,6908
6909,3,6909
6910,2,6910
6911,2,6911
6912,3,6912
6913,3,6913
6914,4,6914
6915,6,6915
6916,2,6916
6917,4,6917
6918,6,6918
6919,6,6919
6920,3,6920
6921,3,6921
6922,5,6922
6923,3,6923
6924,4,6924
6925,3,6925
6926,6,6926
6927,3,6927
6928,4,6928
6929,6,6929
6930,5,6930
6931,2,6931
6932,4,6932
6933,3,6933
6934,1,6934
6935,6,6935
6936,3,6936
6937,4,6937
6938,4,6938
6939,3,6939
6940,1,6940
6941,6,6941
6942,3,6942
6943,2,6943
6944,4,6944
6945,1,6945
6946,6,6946
6947,5,6947
6948,1,6948
6949,1,6949
6950,6,6950
6951,5,6951
6952,6,6952
6953,5,6953
6954,6,6954
6955,3,6955
6956,6,6956
6957,3,6957
6958,5,6958
6959,6,6959
6960,6,6960
6961,2,6961
6962,2,6962
6963,2,6963
6964,3,6964
6965,3,6965
6966,5,6966
6967,6,6967
6968,4,6968
6969,2,6969
6970,5,6970
6971,6,6971
6972,5,6972
6973,1,6973
6974,5,6974
6975,1,6975
6976,6,6976
6977,6,6977
6978,4,6978
6979,5,6979
6980,2,6980
6981,2,6981
6982,1,6982
6983,2,6983
6984,4,6984
6985,5,6985
6986,3,6986
6987,6,6987
6988,5,6988
6989,3,6989
6990,1,6990
6991,2,6991
6992,4,6992
6993,6,6993
6994,5,6994
6995,2,6995
6996,4,6996
6997,2,6997
6998,2,6998
6999,3,6999
7000,5,7000
7001,2,7001
7002,4,7002
7003,5,7003
7004,3,7004
7005,5,7005
7006,6,7006
7007,6,7007
7008,2,7008
7009,2,7009
7010,5,7010
7011,2,7011
7012,1,7012
7013,1,7013
7014,6,7014
7015,4,7015
7016,3,7016
7017,6,7017
7018,1,7018
7019,3,7019
7020,4,7020
7021,4,7021
7022,5,7022
7023,5,7023
7024,3,7024
7025,5,7025
7026,3,7026
7027,1,7027
7028,2,7028
7029,3,7029
7030,1,7030
7031,5,7031
7032,5,7032
7033,5,7033
7034,5,7034
7035,2,7035
7036,4,7036
7037,6,7037
7038,2,7038
7039,5,7039
7040,3,7040
7041,1,7041
7042,2,7042
7043,6,7043
7044,5,7044
7045,1,7045
7046,2,7046
7047,5,7047
7048,1,7048
7049,5,7049
7050,5,7050
7051,5,7051
7052,5,7052
7053,4,7053
7054,5,7054
7055,4,7055
7056,2,7056
7057,1,7057
7058,2,7058
7059,6,7059
7060,5,7060
7061,2,7061
7062,2,7062
7063,6,7063
7064,6,7064
7065,3,7065
7066,1,7066
7067,6,7067
7068,5,7068
7069,1,7069
7070,1,7070
7071,3,7071
7072,3,7072
7073,4,7073
7074,4,7074
7075,2,7075
7076,5,7076
7077,5,7077
7078,3,7078
7079,1,7079
7080,5,7080
7081,3,7081
7082,3,7082
7083,3,7083
7084,6,7084
7085,4,7085
7086,3,7086
7087,6,7087
7088,3,7088
7089,4,7089
7090,5,7090
7091,6,7091
7092,5,7092
7093,5,7093
7094,4,7094
7095,4,7095
7096,3,7096
7097,2,7097
7098,5,7098
7099,6,7099
7100,6,7100
7101,2,7101
7102,6,7102
7103,6,7103
7104,5,7104
7105,2,7105
7106,4,7106
7107,5,7107
7108,2,7108
7109,5,7109
7110,6,7110
7111,3,7111
7112,6,7112
7113,3,7113
7114,2,7114
7115,2,7115
7116,4,7116
7117,4,7117
7118,5,7118
7119,1,7119
7120,6,7120
7121,1,7121
7122,5,7122
7123,2,7123
7124,4,7124
7125,3,7125
7126,3,7126
7127,4,7127
7128,3,7128
7129,2,7129
7130,3,7130
7131,2,7131
7132,2,7132
7133,2,7133
7134,2,7134
7135,4,7135
7136,3,7136
7137,2,7137
7138,6,7138
7139,4,7139
7140,1,7140
7141,6,7141
7142,6,7142
7143,4,7143
7144,3,7144
7145,6,7145
7146,2,7146
7147,4,7147
7148,6,7148
7149,5,7149
7150,1,7150
7151,2,7151
7152,3,7152
7153,2,7153
7154,4,7154
7155,2,7155
7156,2,7156
7157,5,7157
7158,2,7158
7159,3,7159
7160,2,7160
7161,2,7161
7162,6,7162
7163,2,7163
7164,2,7164
7165,2,7165
7166,6,7166
7167,4,7167
7168,6,7168
7169,6,7169
7170,6,7170
7171,2,7171
7172,6,7172
7173,2,7173
7174,6,7174
7175,2,7175
7176,2,7176
7177,6,7177
7178,5,7178
7179,4,7179
7180,4,7180
7181,6,7181
7182,3,7182
7183,3,7183
7184,6,7184
7185,4,7185
7186,4,7186
7187,1,7187
7188,1,7188
7189,2,7189
7190,6,7190
7191,2,7191
7192,3,7192
7193,2,7193
7194,6,7194
7195,6,7195
7196,4,7196
7197,2,7197
7198,6,7198
7199,3,7199
7200,4,7200
7201,3,7201
7202,2,7202
7203,3,7203
7204,6,7204
7205,4,7205
7206,6,7206
7207,5,7207
7208,5,7208
7209,6,7209
7210,6,7210
7211,6,7211
7212,1,7212
7213,5,7213
7214,5,7214
7215,1,7215
7216,3,7216
7217,2,7217
7218,5,7218
7219,2,7219
7220,1,7220
7221,5,7221
7222,6,7222
7223,4,7223
7224,5,7224
7225,1,7225
7226,5,7226
7227,3,7227
7228,2,7228
7229,2,7229
7230,2,7230
7231,4,7231
7232,6,7232
7233,4,7233
7234,4,7234
7235,4,7235
7236,5,7236
7237,6,7237
7238,2,7238
7239,3,7239
7240,3,7240
7241,6,7241
7242,4,7242
7243,6,7243
7244,2,7244
7245,5,7245
7246,5,7246
7247,6,7247
7248,2,7248
7249,2,7249
7250,6,7250
7251,3,7251
7252,4,7252
7253,3,7253
7254,5,7254
7255,2,7255
7256,4,7256
7257,6,7257
7258,2,7258
7259,5,7259
7260,5,7260
7261,3,7261
7262,3,7262
7263,3,7263
7264,2,7264
7265,2,7265
7266,5,7266
7267,3,7267
7268,3,7268
7269,6,7269
7270,2,7270
7271,5,7271
7272,5,7272
7273,6,7273
7274,5,7274
7275,2,7275
7276,5,7276
7277,4,7277
7278,1,7278
7279,2,7279
7280,4,7280
7281,5,7281
7282,3,7282
7283,3,7283
7284,2,7284
7285,2,7285
7286,2,7286
7287,2,7287
7288,5,7288
7289,2,7289
7290,1,7290
7291,5,7291
7292,6,7292
7293,3,7293
7294,5,7294
7295,5,7295
7296,5,7296
7297,2,7297
7298,3,7298
7299,4,7299
7300,2,7300
7301,5,7301
7302,5,7302
7303,4,7303
7304,1,7304
7305,3,7305
7306,6,7306
7307,6,7307
7308,3,7308
7309,3,7309
7310,3,7310
7311,3,7311
7312,3,7312
7313,6,7313
7314,6,7314
7315,3,7315
7316,6,7316
7317,5,7317
7318,5,7318
7319,5,7319
7320,3,7320
7321,4,7321
7322,1,7322
7323,2,7323
7324,1,7324
7325,3,7325
7326,6,7326
7327,4,7327
7328,2,7328
7329,6,7329
7330,2,7330
7331,5,7331
7332,6,7332
7333,6,7333
7334,1,7334
7335,3,7335
7336,2,7336
7337,6,7337
7338,4,7338
7339,6,7339
7340,6,7340
7341,4,7341
7342,6,7342
7343,2,7343
7344,4,7344
7345,3,7345
7346,3,7346
7347,5,7347
7348,2,7348
7349,5,7349
7350,2,7350
7351,2,7351
7352,5,7352
7353,5,7353
7354,2,7354
7355,5,7355
7356,6,7356
7357,6,7357
7358,4,7358
7359,2,7359
7360,3,7360
7361,5,7361
7362,6,7362
7363,6,7363
7364,3,7364
7365,6,7365
7366,2,7366
7367,3,7367
7368,1,7368
7369,1,7369
7370,5,7370
7371,6,7371
7372,5,7372
7373,4,7373
7374,5,7374
7375,5,7375
7376,3,7376
7377,3,7377
7378,2,7378
7379,2,7379
7380,6,7380
7381,5,7381
7382,4,7382
7383,2,7383
7384,3,7384
7385,2,7385
7386,5,7386
7387,5,7387
7388,4,7388
7389,3,7389
7390,4,7390
7391,4,7391
7392,6,7392
7393,5,7393
7394,2,7394
7395,4,7395
7396,3,7396
7397,6,7397
7398,3,7398
7399,1,7399
7400,3,7400
7401,5,7401
7402,1,7402
7403,5,7403
7404,3,7404
7405,5,7405
7406,4,7406
7407,3,7407
7408,1,7408
7409,6,7409
7410,1,7410
7411,3,7411
7412,4,7412
7413,3,7413
7414,3,7414
7415,4,7415
7416,6,7416
7417,1,7417
7418,6,7418
7419,3,7419
7420,3,7420
7421,3,7421
7422,6,7422
7423,6,7423
7424,5,7424
7425,3,7425
7426,5,7426
7427,1,7427
7428,6,7428
7429,3,7429
7430,4,7430
7431,1,7431
7432,2,7432
7433,5,7433
7434,6,7434
7435,5,7435
7436,3,7436
7437,5,7437
7438,4,7438
7439,4,7439
7440,2,7440
7441,3,7441
7442,3,7442
7443,5,7443
7444,1,7444
7445,3,7445
7446,2,7446
7447,5,7447
7448,3,7448
7449,5,7449
7450,4,7450
7451,4,7451
7452,6,7452
7453,4,7453
7454,2,7454
7455,4,7455
7456,6,7456
7457,3,7457
7458,5,7458
7459,3,7459
7460,4,7460
7461,4,7461
7462,5,7462
7463,4,7463
7464,2,7464
7465,3,7465
7466,2,7466
7467,6,7467
7468,2,7468
7469,3,7469
7470,3,7470
7471,2,7471
7472,5,7472
7473,5,7473
7474,3,7474
7475,3,7475
7476,6,7476
7477,6,7477
7478,5,7478
7479,5,7479
7480,4,7480
7481,5,7481
7482,2,7482
7483,5,7483
7484,2,7484
7485,2,7485
7486,3,7486
7487,2,7487
7488,2,7488
7489,5,7489
7490,3,7490
7491,6,7491
7492,6,7492
7493,6,7493
7494,6,7494
7495,5,7495
7496,3,7496
7497,5,7497
7498,1,7498
7499,2,7499
7500,6,7500
7501,6,7501
7502,3,7502
7503,3,7503
7504,3,7504
7505,1,7505
7506,6,7506
7507,1,7507
7508,1,7508
7509,2,7509
7510,6,7510
7511,4,7511
7512,4,7512
7513,2,7513
7514,1,7514
7515,4,7515
7516,5,7516
7517,6,7517
7518,1,7518
7519,3,7519
7520,3,7520
7521,3,7521
7522,3,7522
7523,6,7523
7524,1,7524
7525,2,7525
7526,3,7526
7527,6,7527
7528,5,7528
7529,2,7529
7530,3,7530
7531,6,7531
7532,5,7532
7533,6,7533
7534,5,7534
7535,5,7535
7536,3,7536
7537,5,7537
7538,5,7538
7539,5,7539
7540,3,7540
7541,3,7541
7542,6,7542
7543,3,7543
7544,6,7544
7545,5,7545
7546,6,7546
7547,2,7547
7548,2,7548
7549,5,7549
7550,3,7550
7551,6,7551
7552,2,7552
7553,3,7553
7554,2,7554
7555,6,7555
7556,5,7556
7557,2,7557
7558,2,7558
7559,5,7559
7560,6,7560
7561,6,7561
7562,6,7562
7563,3,7563
7564,6,7564
7565,6,7565
7566,3,7566
7567,3,7567
7568,3,7568
7569,3,7569
7570,6,7570
7571,4,7571
7572,2,7572
7573,6,7573
7574,6,7574
7575,2,7575
7576,6,7576
7577,2,7577
7578,3,7578
7579,6,7579
7580,3,7580
7581,4,7581
7582,3,7582
7583,4,7583
7584,4,7584
